# source	locale	sha256[:12] of fold_case(value)
# Generated by Scripts/logic_canon.py build: the label-ledger strings Apple
# ships in this corpus and locale, compared up to case against the corpus
# itself. Do not hand-edit.
madsp	-	0f82aca66af9
madsp	-	1072d2ef52b3
madsp	-	145042e531b2
madsp	-	2bcb43cbc8f6
madsp	-	398991009da1
madsp	-	3f79bb7b435b
madsp	-	62d7a6b1211d
madsp	-	7de97367c9cd
madsp	-	7e9e5ac30f22
madsp	-	9372c470eead
madsp	-	ad936fcbed63
madsp	-	b526aece2917
madsp	-	c96c6d5be8d0
madsp	-	cd0aa9856147
madsp	-	d3e43f83d066
madsp	-	e0ee8bb50685
madsp	-	fc613b4dfd67
nibstrings	en	00e37ffae056
nibstrings	en	034a00624882
nibstrings	en	043a718774c5
nibstrings	en	04e027e4990a
nibstrings	en	073c1634c496
nibstrings	en	0f82aca66af9
nibstrings	en	1072d2ef52b3
nibstrings	en	10fd874b68da
nibstrings	en	11507a0e2f5e
nibstrings	en	13d76f70e1c2
nibstrings	en	1466dfd01cbc
nibstrings	en	157dca92e425
nibstrings	en	16b64c402c17
nibstrings	en	1e142e6277b1
nibstrings	en	1e2135d1b50f
nibstrings	en	1e4641d995ac
nibstrings	en	2348f9987442
nibstrings	en	2374d91794b7
nibstrings	en	254637f72efc
nibstrings	en	262121c5372b
nibstrings	en	2689367b205c
nibstrings	en	27ce1d1bf427
nibstrings	en	2bb8bf7259c4
nibstrings	en	2bcb43cbc8f6
nibstrings	en	2cdc9e7ba7fb
nibstrings	en	321f68140efc
nibstrings	en	3316348dbadf
nibstrings	en	37a8eec1ce19
nibstrings	en	387668e22f89
nibstrings	en	398991009da1
nibstrings	en	3f79bb7b435b
nibstrings	en	44ff7b02c80d
nibstrings	en	4d6723e5e454
nibstrings	en	4ea3370a380d
nibstrings	en	5364f2f2fc4f
nibstrings	en	5931d6213bb9
nibstrings	en	5a452459503b
nibstrings	en	6091cb58f7fe
nibstrings	en	6197595503f0
nibstrings	en	62d7a6b1211d
nibstrings	en	64dde77617cf
nibstrings	en	657c97bf2df3
nibstrings	en	6694ea807500
nibstrings	en	6ab6f3227d82
nibstrings	en	6c45cb72a36e
nibstrings	en	6d65ed5c7500
nibstrings	en	6ed8919ce204
nibstrings	en	70ce871f8a3d
nibstrings	en	768207cf3cf6
nibstrings	en	79ab507d39d2
nibstrings	en	7ce74b56300b
nibstrings	en	7e9e5ac30f22
nibstrings	en	82a3537ff0db
nibstrings	en	83b6a889a09a
nibstrings	en	8d6546721a1d
nibstrings	en	8e1e7b4fca20
nibstrings	en	8e2c7ac50813
nibstrings	en	9175c7e4d1c9
nibstrings	en	9372c470eead
nibstrings	en	96af97eb95a7
nibstrings	en	98fe44225503
nibstrings	en	990b23e81455
nibstrings	en	9dc08e403382
nibstrings	en	a7aa1b979074
nibstrings	en	aba4cc9b8af8
nibstrings	en	ad936fcbed63
nibstrings	en	b05110cfd9d8
nibstrings	en	b454b73eb125
nibstrings	en	b4dc66dde806
nibstrings	en	b526aece2917
nibstrings	en	b718f1354f72
nibstrings	en	bc4a71180870
nibstrings	en	c501935a6b2b
nibstrings	en	c5c1764a8b18
nibstrings	en	c697d2981bf4
nibstrings	en	c96c6d5be8d0
nibstrings	en	cd0aa9856147
nibstrings	en	cf3bca866369
nibstrings	en	cf958a406a87
nibstrings	en	d21bb537725d
nibstrings	en	d31f9e86a22f
nibstrings	en	d3e43f83d066
nibstrings	en	d46aee08cc49
nibstrings	en	d5803722f398
nibstrings	en	d67e3f1d1233
nibstrings	en	d942f6488657
nibstrings	en	e0ee8bb50685
nibstrings	en	ed5b81206016
nibstrings	en	ed7002b439e9
nibstrings	en	f015346ae356
nibstrings	en	f0956726750c
nibstrings	en	f276a713a148
nibstrings	en	f9eeb63bf773
nibstrings	en	fa8847b0c331
nibstrings	en	fc613b4dfd67
nibstrings	en	fcde2b2edba5
quickhelp	de	00e37ffae056
quickhelp	de	04e027e4990a
quickhelp	de	0a9ee20e589c
quickhelp	de	11507a0e2f5e
quickhelp	de	13d76f70e1c2
quickhelp	de	254637f72efc
quickhelp	de	261ccb70dde1
quickhelp	de	27b0e9b4a6b0
quickhelp	de	2d7ea1b19a60
quickhelp	de	2f1fdd9f141a
quickhelp	de	2f6be48d8af2
quickhelp	de	373ec791d727
quickhelp	de	376a877ffb0d
quickhelp	de	4949ac3fab29
quickhelp	de	551385910cf2
quickhelp	de	57d018d34582
quickhelp	de	5a452459503b
quickhelp	de	601b5b59256d
quickhelp	de	62322999c119
quickhelp	de	62d7a6b1211d
quickhelp	de	6a49a70f7b4f
quickhelp	de	6d65ed5c7500
quickhelp	de	82a3537ff0db
quickhelp	de	8a2729495ced
quickhelp	de	8d6546721a1d
quickhelp	de	9672fb3e59c6
quickhelp	de	9dd7a0f74334
quickhelp	de	accb90c3b9fd
quickhelp	de	ad27970d1914
quickhelp	de	b1688cbab7e2
quickhelp	de	b4efe58d1fb9
quickhelp	de	b526aece2917
quickhelp	de	cced28c6dc3f
quickhelp	de	cf3bca866369
quickhelp	de	d14a58bae804
quickhelp	de	d5803722f398
quickhelp	de	d5f9e34a77f0
quickhelp	de	e0ee8bb50685
quickhelp	de	f271a122bf42
quickhelp	de	f9eeb63bf773
quickhelp	de	fae5935e9e7f
quickhelp	en	00e37ffae056
quickhelp	en	04e027e4990a
quickhelp	en	0f82aca66af9
quickhelp	en	1138159a0dbd
quickhelp	en	11507a0e2f5e
quickhelp	en	13d76f70e1c2
quickhelp	en	157dca92e425
quickhelp	en	1e142e6277b1
quickhelp	en	2348f9987442
quickhelp	en	254637f72efc
quickhelp	en	2b73b310d247
quickhelp	en	2cdc9e7ba7fb
quickhelp	en	30c70032fe4b
quickhelp	en	387668e22f89
quickhelp	en	3e84105af065
quickhelp	en	4d90181d472e
quickhelp	en	53cf248fcdd6
quickhelp	en	5a452459503b
quickhelp	en	6197595503f0
quickhelp	en	62d7a6b1211d
quickhelp	en	657c97bf2df3
quickhelp	en	6a59a486a9a4
quickhelp	en	6a781adad0a3
quickhelp	en	6c45cb72a36e
quickhelp	en	6d0d2d5de93f
quickhelp	en	6d65ed5c7500
quickhelp	en	70ce871f8a3d
quickhelp	en	7154ec4fd551
quickhelp	en	768207cf3cf6
quickhelp	en	82a3537ff0db
quickhelp	en	8d6546721a1d
quickhelp	en	9175c7e4d1c9
quickhelp	en	9dc08e403382
quickhelp	en	a7aa1b979074
quickhelp	en	aba4cc9b8af8
quickhelp	en	ad936fcbed63
quickhelp	en	b24ab396f0f9
quickhelp	en	b352fa69200a
quickhelp	en	b4dc66dde806
quickhelp	en	b526aece2917
quickhelp	en	b718f1354f72
quickhelp	en	bf65b6b6cc46
quickhelp	en	c51185739fab
quickhelp	en	c89ae361c1ff
quickhelp	en	c96c6d5be8d0
quickhelp	en	cced28c6dc3f
quickhelp	en	cf3bca866369
quickhelp	en	d06982a52b8f
quickhelp	en	d14a58bae804
quickhelp	en	d21bb537725d
quickhelp	en	d5803722f398
quickhelp	en	d6f4dfad7689
quickhelp	en	ddd02c50de50
quickhelp	en	e0ee8bb50685
quickhelp	en	ec76670975f9
quickhelp	en	ed7002b439e9
quickhelp	en	f015346ae356
quickhelp	en	f271a122bf42
quickhelp	en	f276a713a148
quickhelp	en	f9eeb63bf773
quickhelp	en	fd37dd2fe3d3
quickhelp	es	00e37ffae056
quickhelp	es	04e027e4990a
quickhelp	es	0bfe93928a49
quickhelp	es	13d76f70e1c2
quickhelp	es	1501284e7c84
quickhelp	es	15e1638bae90
quickhelp	es	1ed9d700a248
quickhelp	es	238b4429a65d
quickhelp	es	254637f72efc
quickhelp	es	2daa81523fc3
quickhelp	es	2fcad64bb139
quickhelp	es	31282ae569dd
quickhelp	es	321314cd8ef4
quickhelp	es	3cc11dce28de
quickhelp	es	3d5a4eccefb3
quickhelp	es	3eb4f3eb7a8f
quickhelp	es	44b6cb313128
quickhelp	es	5a1e684cb7f0
quickhelp	es	5d47f96d4360
quickhelp	es	5dab276b05d4
quickhelp	es	62d7a6b1211d
quickhelp	es	666a9f67617f
quickhelp	es	70d88e3ef75f
quickhelp	es	70dd2d7b30cd
quickhelp	es	7b6892b24794
quickhelp	es	7c6ede2a2cc2
quickhelp	es	8d6341258d8d
quickhelp	es	8d6546721a1d
quickhelp	es	a53d76c36d47
quickhelp	es	aaf92b819ad2
quickhelp	es	bee040774281
quickhelp	es	c566c551a862
quickhelp	es	cf3bca866369
quickhelp	es	d15917b6ec92
quickhelp	es	d21bb537725d
quickhelp	es	d4d6644893f1
quickhelp	es	d7dde817b3ad
quickhelp	es	e980e67bc2f0
quickhelp	es	eb89cf7f758a
quickhelp	es	f9921a17397f
quickhelp	es	fc23cc3fac93
quickhelp	fr	00e37ffae056
quickhelp	fr	04e027e4990a
quickhelp	fr	05db322c7cfc
quickhelp	fr	0604e31bdec7
quickhelp	fr	091cc840f0d1
quickhelp	fr	0af2ee1adc11
quickhelp	fr	13d76f70e1c2
quickhelp	fr	255f99677555
quickhelp	fr	2f588afe14a6
quickhelp	fr	486cbd78e83d
quickhelp	fr	49fb3dbee9da
quickhelp	fr	4e4f701dccf1
quickhelp	fr	506853e6d373
quickhelp	fr	5a452459503b
quickhelp	fr	62d7a6b1211d
quickhelp	fr	657c97bf2df3
quickhelp	fr	6bc636ff0103
quickhelp	fr	6c095624017f
quickhelp	fr	6d65ed5c7500
quickhelp	fr	75d9a1745a86
quickhelp	fr	78aa813c9483
quickhelp	fr	78e6e2c04009
quickhelp	fr	79b996059587
quickhelp	fr	834289eb0c27
quickhelp	fr	8d6546721a1d
quickhelp	fr	90b534f73143
quickhelp	fr	93496555ec94
quickhelp	fr	9935b4c6fdd3
quickhelp	fr	99b301be8578
quickhelp	fr	9c0d294c05fc
quickhelp	fr	a1180b268f15
quickhelp	fr	a383bcb77c83
quickhelp	fr	a76a37f42a47
quickhelp	fr	ae094e3264ff
quickhelp	fr	c7f3aee2c75f
quickhelp	fr	cf3bca866369
quickhelp	fr	cfea02fe80c8
quickhelp	fr	d7d847eec762
quickhelp	fr	e45e87e4e727
quickhelp	fr	eeeeb6549161
quickhelp	it	00e37ffae056
quickhelp	it	04e027e4990a
quickhelp	it	0f82aca66af9
quickhelp	it	1138159a0dbd
quickhelp	it	11507a0e2f5e
quickhelp	it	13d76f70e1c2
quickhelp	it	157dca92e425
quickhelp	it	1e142e6277b1
quickhelp	it	2348f9987442
quickhelp	it	254637f72efc
quickhelp	it	2b73b310d247
quickhelp	it	2cdc9e7ba7fb
quickhelp	it	30c70032fe4b
quickhelp	it	387668e22f89
quickhelp	it	3e84105af065
quickhelp	it	4d90181d472e
quickhelp	it	53cf248fcdd6
quickhelp	it	5a452459503b
quickhelp	it	6197595503f0
quickhelp	it	62d7a6b1211d
quickhelp	it	657c97bf2df3
quickhelp	it	6a59a486a9a4
quickhelp	it	6a781adad0a3
quickhelp	it	6c45cb72a36e
quickhelp	it	6d0d2d5de93f
quickhelp	it	6d65ed5c7500
quickhelp	it	70ce871f8a3d
quickhelp	it	7154ec4fd551
quickhelp	it	768207cf3cf6
quickhelp	it	82a3537ff0db
quickhelp	it	8d6546721a1d
quickhelp	it	9175c7e4d1c9
quickhelp	it	9dc08e403382
quickhelp	it	a7aa1b979074
quickhelp	it	aba4cc9b8af8
quickhelp	it	ad936fcbed63
quickhelp	it	b24ab396f0f9
quickhelp	it	b352fa69200a
quickhelp	it	b4dc66dde806
quickhelp	it	b526aece2917
quickhelp	it	b718f1354f72
quickhelp	it	bf65b6b6cc46
quickhelp	it	c51185739fab
quickhelp	it	c89ae361c1ff
quickhelp	it	c96c6d5be8d0
quickhelp	it	cced28c6dc3f
quickhelp	it	cf3bca866369
quickhelp	it	d06982a52b8f
quickhelp	it	d14a58bae804
quickhelp	it	d21bb537725d
quickhelp	it	d5803722f398
quickhelp	it	d6f4dfad7689
quickhelp	it	ddd02c50de50
quickhelp	it	e0ee8bb50685
quickhelp	it	ec76670975f9
quickhelp	it	ed7002b439e9
quickhelp	it	f015346ae356
quickhelp	it	f271a122bf42
quickhelp	it	f276a713a148
quickhelp	it	f9eeb63bf773
quickhelp	it	fd37dd2fe3d3
quickhelp	ja	00e37ffae056
quickhelp	ja	01c2df03fd3f
quickhelp	ja	03d9532c0b01
quickhelp	ja	043f811a6b59
quickhelp	ja	0f82aca66af9
quickhelp	ja	11507a0e2f5e
quickhelp	ja	13d76f70e1c2
quickhelp	ja	1474530b0f63
quickhelp	ja	1b2d571a6150
quickhelp	ja	1fb4d574da92
quickhelp	ja	254637f72efc
quickhelp	ja	2cc0af026c11
quickhelp	ja	32ce6a05dd32
quickhelp	ja	3aa692fcaae4
quickhelp	ja	433c68371a3d
quickhelp	ja	457aa44f02b3
quickhelp	ja	523b2f520432
quickhelp	ja	558ade12e950
quickhelp	ja	57e73cd094b8
quickhelp	ja	601b5b59256d
quickhelp	ja	6197595503f0
quickhelp	ja	62d7a6b1211d
quickhelp	ja	664b8b96fe35
quickhelp	ja	69795c6ac709
quickhelp	ja	7ec26292414b
quickhelp	ja	84e2129dc105
quickhelp	ja	8d6546721a1d
quickhelp	ja	8f26d438109c
quickhelp	ja	94f574dee916
quickhelp	ja	98086c1d0f91
quickhelp	ja	99aa78081093
quickhelp	ja	99c582b91f9e
quickhelp	ja	9dc08e403382
quickhelp	ja	a2c566e9ccd4
quickhelp	ja	a3030bf8f16d
quickhelp	ja	ad936fcbed63
quickhelp	ja	b2e1967fb950
quickhelp	ja	b3ee1525ccf1
quickhelp	ja	b4dc66dde806
quickhelp	ja	c1eebbdd356a
quickhelp	ja	c737f4508e4b
quickhelp	ja	c7fe7a921e36
quickhelp	ja	c96c6d5be8d0
quickhelp	ja	cc147e162c82
quickhelp	ja	cced28c6dc3f
quickhelp	ja	cf3bca866369
quickhelp	ja	d25e1490afd4
quickhelp	ja	d54340a79b6b
quickhelp	ja	d95bee28d794
quickhelp	ja	e016d4daa29a
quickhelp	ja	e0ee8bb50685
quickhelp	ja	e8d0689965c4
quickhelp	ja	ea3cbcf77e67
quickhelp	ja	f271a122bf42
quickhelp	ja	f28a4bf0db93
quickhelp	ja	f9eeb63bf773
quickhelp	ko	00e37ffae056
quickhelp	ko	086bb2ae36c8
quickhelp	ko	086bb5335d17
quickhelp	ko	0a58c245fe6c
quickhelp	ko	113ce17492d3
quickhelp	ko	11507a0e2f5e
quickhelp	ko	11c2e8e755e4
quickhelp	ko	13c53880c24e
quickhelp	ko	13d76f70e1c2
quickhelp	ko	1bdcabf0c22c
quickhelp	ko	1e3b86b1fd02
quickhelp	ko	2408aa51580e
quickhelp	ko	25060fd6bdd6
quickhelp	ko	253d1510caf5
quickhelp	ko	2668bc818e5b
quickhelp	ko	270995d734a6
quickhelp	ko	2c747c9b67b0
quickhelp	ko	4dc8430fe709
quickhelp	ko	4f42d868713d
quickhelp	ko	5a8433b20b5b
quickhelp	ko	5d908dddbd3a
quickhelp	ko	5fb926229090
quickhelp	ko	601b5b59256d
quickhelp	ko	6139b6c3ed73
quickhelp	ko	6197595503f0
quickhelp	ko	62911dc4c82b
quickhelp	ko	62d7a6b1211d
quickhelp	ko	635a2923606e
quickhelp	ko	6654f8b110de
quickhelp	ko	6a0f998c2819
quickhelp	ko	6a28baa53ad4
quickhelp	ko	6c0b9dd710ab
quickhelp	ko	6d266203f0c0
quickhelp	ko	70495bda7f14
quickhelp	ko	740b611090ac
quickhelp	ko	75aba55303fb
quickhelp	ko	8168b05c3e1c
quickhelp	ko	84042f84d5a2
quickhelp	ko	854cc60a592c
quickhelp	ko	8d6546721a1d
quickhelp	ko	9028cd0efec0
quickhelp	ko	9b5760f8263d
quickhelp	ko	9fffdb7d36f7
quickhelp	ko	ac7c0be84f5e
quickhelp	ko	ad83311ef94f
quickhelp	ko	af099607d1b6
quickhelp	ko	b01ef4ec93d9
quickhelp	ko	b1a8627ebfc2
quickhelp	ko	b1f28cd21af7
quickhelp	ko	b25f803abac2
quickhelp	ko	b4dc66dde806
quickhelp	ko	bd6cdc584df5
quickhelp	ko	bfdbce6891e7
quickhelp	ko	caae0510ef5b
quickhelp	ko	cc091af40798
quickhelp	ko	ce706412fa75
quickhelp	ko	cf3bca866369
quickhelp	ko	d0a2c600a1d8
quickhelp	ko	d43a776c5e28
quickhelp	ko	d88540e959e3
quickhelp	ko	de3f8710b2a3
quickhelp	ko	f9eeb63bf773
quickhelp	ko	fb84fa7f86ea
quickhelp	pt	00e37ffae056
quickhelp	pt	04e027e4990a
quickhelp	pt	0f82aca66af9
quickhelp	pt	1138159a0dbd
quickhelp	pt	11507a0e2f5e
quickhelp	pt	13d76f70e1c2
quickhelp	pt	157dca92e425
quickhelp	pt	1e142e6277b1
quickhelp	pt	2348f9987442
quickhelp	pt	254637f72efc
quickhelp	pt	2b73b310d247
quickhelp	pt	2cdc9e7ba7fb
quickhelp	pt	30c70032fe4b
quickhelp	pt	387668e22f89
quickhelp	pt	3e84105af065
quickhelp	pt	4d90181d472e
quickhelp	pt	53cf248fcdd6
quickhelp	pt	5a452459503b
quickhelp	pt	6197595503f0
quickhelp	pt	62d7a6b1211d
quickhelp	pt	657c97bf2df3
quickhelp	pt	6a59a486a9a4
quickhelp	pt	6a781adad0a3
quickhelp	pt	6c45cb72a36e
quickhelp	pt	6d0d2d5de93f
quickhelp	pt	6d65ed5c7500
quickhelp	pt	70ce871f8a3d
quickhelp	pt	7154ec4fd551
quickhelp	pt	768207cf3cf6
quickhelp	pt	82a3537ff0db
quickhelp	pt	8d6546721a1d
quickhelp	pt	9175c7e4d1c9
quickhelp	pt	9dc08e403382
quickhelp	pt	a7aa1b979074
quickhelp	pt	aba4cc9b8af8
quickhelp	pt	ad936fcbed63
quickhelp	pt	b24ab396f0f9
quickhelp	pt	b352fa69200a
quickhelp	pt	b4dc66dde806
quickhelp	pt	b526aece2917
quickhelp	pt	b718f1354f72
quickhelp	pt	bf65b6b6cc46
quickhelp	pt	c51185739fab
quickhelp	pt	c89ae361c1ff
quickhelp	pt	c96c6d5be8d0
quickhelp	pt	cced28c6dc3f
quickhelp	pt	cf3bca866369
quickhelp	pt	d06982a52b8f
quickhelp	pt	d14a58bae804
quickhelp	pt	d21bb537725d
quickhelp	pt	d5803722f398
quickhelp	pt	d6f4dfad7689
quickhelp	pt	ddd02c50de50
quickhelp	pt	e0ee8bb50685
quickhelp	pt	ec76670975f9
quickhelp	pt	ed7002b439e9
quickhelp	pt	f015346ae356
quickhelp	pt	f271a122bf42
quickhelp	pt	f276a713a148
quickhelp	pt	f9eeb63bf773
quickhelp	pt	fd37dd2fe3d3
quickhelp	zh_CN	00e37ffae056
quickhelp	zh_CN	0e14d148b46b
quickhelp	zh_CN	13d76f70e1c2
quickhelp	zh_CN	2ac81b9d17f2
quickhelp	zh_CN	50ef2f4cf6a4
quickhelp	zh_CN	51d1b1b7f390
quickhelp	zh_CN	5234bc45aa11
quickhelp	zh_CN	62d7a6b1211d
quickhelp	zh_CN	719002bde3e3
quickhelp	zh_CN	76fd489d2c72
quickhelp	zh_CN	7c4b09588bef
quickhelp	zh_CN	7db2e189ecb0
quickhelp	zh_CN	83425ca32a46
quickhelp	zh_CN	86624b229c07
quickhelp	zh_CN	a3030bf8f16d
quickhelp	zh_CN	ad3221dd6681
quickhelp	zh_CN	b5551f66a524
quickhelp	zh_CN	be2c6e95b632
quickhelp	zh_CN	c03b845042dc
quickhelp	zh_CN	c3396195e91c
quickhelp	zh_CN	c771248e511f
quickhelp	zh_CN	cf3bca866369
quickhelp	zh_CN	d2bb025a2e51
quickhelp	zh_CN	d44e9b3d3b31
quickhelp	zh_CN	d5d148bad750
quickhelp	zh_CN	dc0dd71bc2b2
quickhelp	zh_CN	e25e6a7edc84
quickhelp	zh_CN	e8f88f51ccb0
quickhelp	zh_CN	ef28216629be
quickhelp	zh_CN	fcd53935fd79
quickhelp	zh_TW	00e37ffae056
quickhelp	zh_TW	04e027e4990a
quickhelp	zh_TW	0f82aca66af9
quickhelp	zh_TW	1138159a0dbd
quickhelp	zh_TW	11507a0e2f5e
quickhelp	zh_TW	13d76f70e1c2
quickhelp	zh_TW	157dca92e425
quickhelp	zh_TW	1e142e6277b1
quickhelp	zh_TW	2348f9987442
quickhelp	zh_TW	254637f72efc
quickhelp	zh_TW	2b73b310d247
quickhelp	zh_TW	2cdc9e7ba7fb
quickhelp	zh_TW	30c70032fe4b
quickhelp	zh_TW	387668e22f89
quickhelp	zh_TW	3e84105af065
quickhelp	zh_TW	4d90181d472e
quickhelp	zh_TW	53cf248fcdd6
quickhelp	zh_TW	5a452459503b
quickhelp	zh_TW	6197595503f0
quickhelp	zh_TW	62d7a6b1211d
quickhelp	zh_TW	657c97bf2df3
quickhelp	zh_TW	6a59a486a9a4
quickhelp	zh_TW	6a781adad0a3
quickhelp	zh_TW	6c45cb72a36e
quickhelp	zh_TW	6d0d2d5de93f
quickhelp	zh_TW	6d65ed5c7500
quickhelp	zh_TW	70ce871f8a3d
quickhelp	zh_TW	7154ec4fd551
quickhelp	zh_TW	768207cf3cf6
quickhelp	zh_TW	82a3537ff0db
quickhelp	zh_TW	8d6546721a1d
quickhelp	zh_TW	9175c7e4d1c9
quickhelp	zh_TW	9dc08e403382
quickhelp	zh_TW	a7aa1b979074
quickhelp	zh_TW	aba4cc9b8af8
quickhelp	zh_TW	ad936fcbed63
quickhelp	zh_TW	b24ab396f0f9
quickhelp	zh_TW	b352fa69200a
quickhelp	zh_TW	b4dc66dde806
quickhelp	zh_TW	b526aece2917
quickhelp	zh_TW	b718f1354f72
quickhelp	zh_TW	bf65b6b6cc46
quickhelp	zh_TW	c51185739fab
quickhelp	zh_TW	c89ae361c1ff
quickhelp	zh_TW	c96c6d5be8d0
quickhelp	zh_TW	cced28c6dc3f
quickhelp	zh_TW	cf3bca866369
quickhelp	zh_TW	d06982a52b8f
quickhelp	zh_TW	d14a58bae804
quickhelp	zh_TW	d21bb537725d
quickhelp	zh_TW	d5803722f398
quickhelp	zh_TW	d6f4dfad7689
quickhelp	zh_TW	ddd02c50de50
quickhelp	zh_TW	e0ee8bb50685
quickhelp	zh_TW	ec76670975f9
quickhelp	zh_TW	ed7002b439e9
quickhelp	zh_TW	f015346ae356
quickhelp	zh_TW	f271a122bf42
quickhelp	zh_TW	f276a713a148
quickhelp	zh_TW	f9eeb63bf773
quickhelp	zh_TW	fd37dd2fe3d3
strings	-	6197595503f0
strings	-	82a3537ff0db
strings	de	00e37ffae056
strings	de	043a718774c5
strings	de	04e027e4990a
strings	de	073c1634c496
strings	de	0a9ee20e589c
strings	de	0c5926e63c08
strings	de	0ef266970f84
strings	de	1072d2ef52b3
strings	de	10fd874b68da
strings	de	11ac6a1518ae
strings	de	1466dfd01cbc
strings	de	1553cc62ff24
strings	de	15ae99b915f9
strings	de	17fd9a00cb35
strings	de	1869df333117
strings	de	1a325e9af1de
strings	de	2472acc05ad7
strings	de	24882149db22
strings	de	254637f72efc
strings	de	261ccb70dde1
strings	de	2689367b205c
strings	de	27b0e9b4a6b0
strings	de	27ce1d1bf427
strings	de	298e502be59b
strings	de	2b1ed1426f03
strings	de	2d7ea1b19a60
strings	de	2f1fdd9f141a
strings	de	2f6be48d8af2
strings	de	321f68140efc
strings	de	32c3beb76dbd
strings	de	3316348dbadf
strings	de	373ec791d727
strings	de	376a877ffb0d
strings	de	37b72d911201
strings	de	3af6fe35cd30
strings	de	3c6486f94ed4
strings	de	3cb855fdf3db
strings	de	3e6078c8113a
strings	de	3f79bb7b435b
strings	de	404f5e6aed7a
strings	de	428006a3d2f9
strings	de	43851af40097
strings	de	44ff7b02c80d
strings	de	4651bfbb889e
strings	de	465856556dc9
strings	de	4949ac3fab29
strings	de	4d03db393cf1
strings	de	4e59aec62ebd
strings	de	5364f2f2fc4f
strings	de	55a4bc5be68e
strings	de	579b57e02dbe
strings	de	57d018d34582
strings	de	57ffcc28d4b9
strings	de	584d9ccbfb83
strings	de	5931d6213bb9
strings	de	5a452459503b
strings	de	5dc105dfea56
strings	de	601b5b59256d
strings	de	62322999c119
strings	de	62c66a7a5dd7
strings	de	62d7a6b1211d
strings	de	63885fe05a1e
strings	de	6546ada51272
strings	de	6694ea807500
strings	de	67cb6e0b44ca
strings	de	6a49979e2ccf
strings	de	6a49a70f7b4f
strings	de	6c4bbb27752a
strings	de	6d65ed5c7500
strings	de	6ed8919ce204
strings	de	72c685c221c5
strings	de	7755d70c2970
strings	de	77b031aa8a81
strings	de	786343fea3c9
strings	de	7ce74b56300b
strings	de	7d601f9d2070
strings	de	7de97367c9cd
strings	de	7e06df121531
strings	de	7f2fcce23f92
strings	de	811f18c07940
strings	de	82414b3ca9d7
strings	de	82a3537ff0db
strings	de	83b6a889a09a
strings	de	8a2729495ced
strings	de	8c38ff04ae77
strings	de	8d6546721a1d
strings	de	8da1ebbcfde0
strings	de	8e2c7ac50813
strings	de	8f6fa87e0820
strings	de	90735d4b5388
strings	de	9672fb3e59c6
strings	de	9691bb22897c
strings	de	97dfc65f7428
strings	de	990c765c73bf
strings	de	9b8081f8c80d
strings	de	9dc854b5f843
strings	de	9dd7a0f74334
strings	de	a2c7aa6e8f8f
strings	de	a7aa1b979074
strings	de	a9374b32420f
strings	de	ab782f5c2a2f
strings	de	acac86c0e609
strings	de	accb90c3b9fd
strings	de	ad27970d1914
strings	de	b1688cbab7e2
strings	de	b4dc66dde806
strings	de	b4efe58d1fb9
strings	de	b526aece2917
strings	de	b5c04ec0184f
strings	de	b5e92768ba0d
strings	de	b8962080c268
strings	de	b8e1f80bd70a
strings	de	b93ece8c98b0
strings	de	bb6ccfdbcead
strings	de	c3664ef880a6
strings	de	c501935a6b2b
strings	de	c5c1764a8b18
strings	de	c697d2981bf4
strings	de	c96c6d5be8d0
strings	de	ca1594d0721f
strings	de	cced28c6dc3f
strings	de	cd0aa9856147
strings	de	cf3bca866369
strings	de	cf99ede6ef91
strings	de	d31eeb7d43af
strings	de	d3e43f83d066
strings	de	d410850fd5f4
strings	de	d5803722f398
strings	de	d5f9e34a77f0
strings	de	d77cd172baed
strings	de	d7de34b17b46
strings	de	dc1e966f2031
strings	de	dd04eefcade5
strings	de	dec6e7dbf684
strings	de	df599b0ace54
strings	de	e0ee8bb50685
strings	de	e3068d4ee747
strings	de	e30de0b3e31b
strings	de	e727f75bc1c6
strings	de	eb5483941ee3
strings	de	ebb1fc0d387c
strings	de	ec2754fb756b
strings	de	ec5e95d38cb0
strings	de	ec72b9566a9c
strings	de	ec9fdf7c141c
strings	de	ed5b81206016
strings	de	ed7d9dc0101d
strings	de	f060dc6e15e1
strings	de	f0956726750c
strings	de	f0e6e5952be9
strings	de	f125f62c4403
strings	de	f271a122bf42
strings	de	f9eeb63bf773
strings	de	fae5935e9e7f
strings	de	fc613b4dfd67
strings	de	fd955ccd822d
strings	de	fe3990971026
strings	en	00adab870558
strings	en	00e37ffae056
strings	en	034a00624882
strings	en	043a718774c5
strings	en	04e027e4990a
strings	en	073c1634c496
strings	en	096accaf5ce9
strings	en	0c895003ee7d
strings	en	0f82aca66af9
strings	en	1072d2ef52b3
strings	en	10fd874b68da
strings	en	1138159a0dbd
strings	en	11507a0e2f5e
strings	en	13d76f70e1c2
strings	en	145042e531b2
strings	en	1466dfd01cbc
strings	en	1553cc62ff24
strings	en	157dca92e425
strings	en	16b64c402c17
strings	en	16c6f4fac12d
strings	en	1867c69291d9
strings	en	1a325e9af1de
strings	en	1c2262bce6f6
strings	en	1dd99eeb0dff
strings	en	1e2135d1b50f
strings	en	1e4641d995ac
strings	en	20d93fc598a3
strings	en	2348f9987442
strings	en	2374d91794b7
strings	en	254637f72efc
strings	en	262121c5372b
strings	en	2689367b205c
strings	en	27ce1d1bf427
strings	en	2b73b310d247
strings	en	2bb8bf7259c4
strings	en	2bcb43cbc8f6
strings	en	2cdc9e7ba7fb
strings	en	30c70032fe4b
strings	en	321f68140efc
strings	en	3258bbdbb3df
strings	en	3316348dbadf
strings	en	33b1d4a3bd85
strings	en	343677762813
strings	en	34b342f47ecb
strings	en	361e48d0308f
strings	en	37a8eec1ce19
strings	en	387668e22f89
strings	en	398991009da1
strings	en	3b9c358f36f0
strings	en	3e6078c8113a
strings	en	3e84105af065
strings	en	3f79bb7b435b
strings	en	4059f7b63172
strings	en	412cd339ab21
strings	en	44ff7b02c80d
strings	en	4bb37fe4449c
strings	en	4d6723e5e454
strings	en	4d90181d472e
strings	en	4ea3370a380d
strings	en	4f4d29030730
strings	en	50167fa2fdc6
strings	en	5364f2f2fc4f
strings	en	55a4bc5be68e
strings	en	57ffcc28d4b9
strings	en	5931d6213bb9
strings	en	5a452459503b
strings	en	5ba11660a4c4
strings	en	601b5b59256d
strings	en	60ebffbe5e46
strings	en	6197595503f0
strings	en	62c66a7a5dd7
strings	en	62d7a6b1211d
strings	en	6358cbd5dcf2
strings	en	64dde77617cf
strings	en	657c97bf2df3
strings	en	65a81b2247bb
strings	en	6694ea807500
strings	en	683a62ce15fb
strings	en	69c2a64e4f62
strings	en	6a59a486a9a4
strings	en	6a781adad0a3
strings	en	6ab6f3227d82
strings	en	6c45cb72a36e
strings	en	6d0d2d5de93f
strings	en	6d65ed5c7500
strings	en	6ed8919ce204
strings	en	70ce871f8a3d
strings	en	711d4f751089
strings	en	725fed9d1ae9
strings	en	768207cf3cf6
strings	en	7ce74b56300b
strings	en	7d601f9d2070
strings	en	7de137b4f33e
strings	en	7de97367c9cd
strings	en	7e9e5ac30f22
strings	en	82a3537ff0db
strings	en	83416ea5bf94
strings	en	83b6a889a09a
strings	en	86eeeb40f8fb
strings	en	8d6546721a1d
strings	en	8e1e7b4fca20
strings	en	8f01c4d3e797
strings	en	9175c7e4d1c9
strings	en	9372c470eead
strings	en	9390298f3fb0
strings	en	96af97eb95a7
strings	en	97dfc65f7428
strings	en	98fe44225503
strings	en	990b23e81455
strings	en	9b5734b06832
strings	en	9dc08e403382
strings	en	9e03f56799b9
strings	en	a2c7aa6e8f8f
strings	en	a330395cc0a5
strings	en	a4c80c505b7d
strings	en	a7aa1b979074
strings	en	aba4cc9b8af8
strings	en	ac9ad8156c32
strings	en	acac86c0e609
strings	en	ad936fcbed63
strings	en	b05110cfd9d8
strings	en	b352fa69200a
strings	en	b454b73eb125
strings	en	b4c66b1c61a9
strings	en	b4dc66dde806
strings	en	b526aece2917
strings	en	b718f1354f72
strings	en	b855e0961ab4
strings	en	b8e1f80bd70a
strings	en	bf65b6b6cc46
strings	en	c32a2f608084
strings	en	c38104e6b5e6
strings	en	c501935a6b2b
strings	en	c51185739fab
strings	en	c5c1764a8b18
strings	en	c697d2981bf4
strings	en	c96c6d5be8d0
strings	en	caf223782c86
strings	en	cced28c6dc3f
strings	en	cd0aa9856147
strings	en	cf3bca866369
strings	en	d06982a52b8f
strings	en	d0cda6559bb3
strings	en	d14a58bae804
strings	en	d21bb537725d
strings	en	d31f9e86a22f
strings	en	d3e43f83d066
strings	en	d410850fd5f4
strings	en	d46aee08cc49
strings	en	d5803722f398
strings	en	d7de34b17b46
strings	en	d942f6488657
strings	en	d9beb0bca3fa
strings	en	dc1e966f2031
strings	en	e0ee8bb50685
strings	en	e2383c988f8f
strings	en	e5c7ffac26fe
strings	en	e9bff021d97b
strings	en	ebb1fc0d387c
strings	en	ec2754fb756b
strings	en	ec72b9566a9c
strings	en	ec76670975f9
strings	en	ed5b81206016
strings	en	ed7002b439e9
strings	en	f015346ae356
strings	en	f0956726750c
strings	en	f271a122bf42
strings	en	f276a713a148
strings	en	f59f6e389d2c
strings	en	f9eeb63bf773
strings	en	fa621264cd3c
strings	en	fa8847b0c331
strings	en	fc613b4dfd67
strings	en	fcde2b2edba5
strings	es	00e37ffae056
strings	es	0296c43c240a
strings	es	043a718774c5
strings	es	04e027e4990a
strings	es	08ff46408702
strings	es	0b52da7d1621
strings	es	0bfe93928a49
strings	es	0d54b50cd151
strings	es	0f69e76bdd62
strings	es	1072d2ef52b3
strings	es	10fd874b68da
strings	es	13021ba5fbfa
strings	es	1466dfd01cbc
strings	es	1501284e7c84
strings	es	1553cc62ff24
strings	es	15e1638bae90
strings	es	1675c469d585
strings	es	1abf7940b5da
strings	es	1bda4829f9d0
strings	es	1d185413252f
strings	es	1ed9d700a248
strings	es	238b4429a65d
strings	es	247a8174ec0c
strings	es	254637f72efc
strings	es	2672e12bfd83
strings	es	2689367b205c
strings	es	27298ecafe4a
strings	es	28842cac15cf
strings	es	2daa81523fc3
strings	es	2e2e1ea3e2da
strings	es	2e7f8e8c72e5
strings	es	2fcad64bb139
strings	es	31282ae569dd
strings	es	321314cd8ef4
strings	es	321f68140efc
strings	es	3316348dbadf
strings	es	33ff101183c6
strings	es	369284ce889f
strings	es	3b5df0b60a28
strings	es	3cc11dce28de
strings	es	3d5a4eccefb3
strings	es	3e6078c8113a
strings	es	3eb4f3eb7a8f
strings	es	3f1b1d59789a
strings	es	3f49a9db4c05
strings	es	418cada2fad1
strings	es	42849f301db7
strings	es	44b6cb313128
strings	es	44ff7b02c80d
strings	es	4cfca09f38c3
strings	es	4d6723e5e454
strings	es	527bc96e01d0
strings	es	5364f2f2fc4f
strings	es	554a5bf46ee7
strings	es	5718f9f20a47
strings	es	5a1e684cb7f0
strings	es	5d47f96d4360
strings	es	5dab276b05d4
strings	es	5fd0f12161e9
strings	es	601b5b59256d
strings	es	627749969b34
strings	es	62c66a7a5dd7
strings	es	666a9f67617f
strings	es	67a6ddae1cc3
strings	es	67a7edfde9a3
strings	es	6d74ae31eeb6
strings	es	6ed8919ce204
strings	es	6fffc9dad423
strings	es	70d88e3ef75f
strings	es	70dd2d7b30cd
strings	es	72fced00a1c1
strings	es	755300823087
strings	es	7a24e80f3158
strings	es	7b6892b24794
strings	es	7c6ede2a2cc2
strings	es	7c77f8657671
strings	es	7ce74b56300b
strings	es	7d601f9d2070
strings	es	7de97367c9cd
strings	es	83b6a889a09a
strings	es	841691abe117
strings	es	84a68012ab19
strings	es	84ff13730746
strings	es	8863a5170d55
strings	es	895a2db78698
strings	es	8c69230cfd46
strings	es	8cce676e2f83
strings	es	8d6341258d8d
strings	es	8d6546721a1d
strings	es	9390298f3fb0
strings	es	961220d4da69
strings	es	98fe44225503
strings	es	994705909346
strings	es	9db99b4ffae7
strings	es	9e03f56799b9
strings	es	a11c567f1e01
strings	es	a2c7aa6e8f8f
strings	es	a36a1cd702b3
strings	es	a383bcb77c83
strings	es	a3a478e42079
strings	es	a3e0bf45e8fd
strings	es	a53d76c36d47
strings	es	a5d8a8bf7dee
strings	es	a8333dae0c33
strings	es	a91345266d10
strings	es	aa3bc7749872
strings	es	aaf92b819ad2
strings	es	acac86c0e609
strings	es	b0b40aa3d098
strings	es	b4dc66dde806
strings	es	b75ed67c6d6c
strings	es	b76eeaffcef3
strings	es	b9de731495fd
strings	es	bee040774281
strings	es	c46624c00fb3
strings	es	c512f3435e43
strings	es	c566c551a862
strings	es	c5c1764a8b18
strings	es	c8bad1b59542
strings	es	ce8737c72f69
strings	es	cf3bca866369
strings	es	d15917b6ec92
strings	es	d17b5a0f0fac
strings	es	d21bb537725d
strings	es	d4d6644893f1
strings	es	d5ff14b23a02
strings	es	d7188902b158
strings	es	d76b0ee8cdbd
strings	es	d7dde817b3ad
strings	es	d7de34b17b46
strings	es	d811a39856a0
strings	es	d9b1612a4feb
strings	es	db22da6c113e
strings	es	dce62d25a088
strings	es	ddee656e4d77
strings	es	e0ee8bb50685
strings	es	e907f5d07d99
strings	es	e980e67bc2f0
strings	es	eb47a6774fd0
strings	es	eb89cf7f758a
strings	es	ebb1fc0d387c
strings	es	f0956726750c
strings	es	f179f64c2b07
strings	es	f384e888268d
strings	es	f4861d07c681
strings	es	f9921a17397f
strings	es	fc23cc3fac93
strings	es	fc613b4dfd67
strings	es	fd5af9a38ca8
strings	es	fee9baf712a2
strings	es	ff25ed371f31
strings	fr	00e37ffae056
strings	fr	043a718774c5
strings	fr	04e027e4990a
strings	fr	05db322c7cfc
strings	fr	0604e31bdec7
strings	fr	07fbb97909e7
strings	fr	091cc840f0d1
strings	fr	0af2ee1adc11
strings	fr	0b141c8a051c
strings	fr	0bfe93928a49
strings	fr	1072d2ef52b3
strings	fr	10fd874b68da
strings	fr	1466dfd01cbc
strings	fr	1501284e7c84
strings	fr	1965da9386ff
strings	fr	199b4cdea363
strings	fr	21fcba32b09f
strings	fr	220f4ffe507b
strings	fr	255f99677555
strings	fr	2689367b205c
strings	fr	29b220d49cd6
strings	fr	2c98ae936632
strings	fr	2f588afe14a6
strings	fr	31e79f1f097c
strings	fr	321f68140efc
strings	fr	3316348dbadf
strings	fr	334c4c610a71
strings	fr	362c7e0d0fd6
strings	fr	398991009da1
strings	fr	399c2dacd664
strings	fr	3abb7b1c4745
strings	fr	3bf0d61b7c6f
strings	fr	3e4d00cb45b5
strings	fr	3e6078c8113a
strings	fr	3f1f3bb6d3b2
strings	fr	40067af33fad
strings	fr	44d3a3495ae2
strings	fr	44ff7b02c80d
strings	fr	486cbd78e83d
strings	fr	48e0a7c23c98
strings	fr	49fb3dbee9da
strings	fr	4cd470701d1e
strings	fr	4d6723e5e454
strings	fr	4e2c68f4a460
strings	fr	4e4f701dccf1
strings	fr	50167fa2fdc6
strings	fr	506853e6d373
strings	fr	51a8e9e100aa
strings	fr	5364f2f2fc4f
strings	fr	554a5bf46ee7
strings	fr	561435c07fdf
strings	fr	5931d6213bb9
strings	fr	5a452459503b
strings	fr	5cb6fddcc52a
strings	fr	5df61444ba60
strings	fr	5f1fff7653ea
strings	fr	601b5b59256d
strings	fr	6128737d0f66
strings	fr	62c66a7a5dd7
strings	fr	62d7a6b1211d
strings	fr	644a1928fef5
strings	fr	6694ea807500
strings	fr	682aacc85527
strings	fr	684123c8dbc8
strings	fr	689ab70c41ef
strings	fr	6bc636ff0103
strings	fr	6c095624017f
strings	fr	6c45cb72a36e
strings	fr	6d65ed5c7500
strings	fr	6ed8919ce204
strings	fr	70962f5bc222
strings	fr	7269528759ae
strings	fr	73a8bf3959e6
strings	fr	75d9a1745a86
strings	fr	78aa813c9483
strings	fr	78e6e2c04009
strings	fr	79b996059587
strings	fr	7d601f9d2070
strings	fr	834289eb0c27
strings	fr	83b6a889a09a
strings	fr	84cdeb6770bf
strings	fr	8ca4117c5bd8
strings	fr	8d6546721a1d
strings	fr	90b534f73143
strings	fr	923fc2d212d0
strings	fr	93496555ec94
strings	fr	972ed6cf364d
strings	fr	97dfc65f7428
strings	fr	990b23e81455
strings	fr	9935b4c6fdd3
strings	fr	99b301be8578
strings	fr	99ea6cdc47f3
strings	fr	9c0d294c05fc
strings	fr	a1180b268f15
strings	fr	a1e95e8d498e
strings	fr	a2c7aa6e8f8f
strings	fr	a30987217a2a
strings	fr	a383bcb77c83
strings	fr	a76a37f42a47
strings	fr	a9a5f3b4f66f
strings	fr	ab862dff212b
strings	fr	ad8f11ef6035
strings	fr	ae094e3264ff
strings	fr	b1479e479f3d
strings	fr	b4dc66dde806
strings	fr	b5c36329dfb6
strings	fr	b6ce15bfaa52
strings	fr	bcee72e6df5d
strings	fr	be5c6b8be722
strings	fr	be8a1c8db740
strings	fr	bf5d8ba8ce62
strings	fr	c3dc248fa80e
strings	fr	c501935a6b2b
strings	fr	c5c1764a8b18
strings	fr	c7286d49a2e0
strings	fr	c7f3aee2c75f
strings	fr	c8ec03ed9ce7
strings	fr	cba997669998
strings	fr	cd0aa9856147
strings	fr	cf3bca866369
strings	fr	cfb53d7f9f6f
strings	fr	cfea02fe80c8
strings	fr	d04613babdf0
strings	fr	d26b9d24be46
strings	fr	d3e43f83d066
strings	fr	d763b621ea9b
strings	fr	d7d847eec762
strings	fr	d7de34b17b46
strings	fr	d93ab20d9d62
strings	fr	dd9d6e12b9d3
strings	fr	ddf7ff5ebd9d
strings	fr	df4ef319fd92
strings	fr	e0ee8bb50685
strings	fr	e45e87e4e727
strings	fr	e727f75bc1c6
strings	fr	eb7d020431e0
strings	fr	ebb1fc0d387c
strings	fr	edee3c39c909
strings	fr	eeeeb6549161
strings	fr	f0956726750c
strings	fr	f743c5f67179
strings	fr	f90487829b18
strings	fr	fbd6daeee565
strings	fr	fc613b4dfd67
strings	fr	fd3c3edc295e
strings	it	043a718774c5
strings	it	04e027e4990a
strings	it	0590308900d9
strings	it	0802ff5e450d
strings	it	1072d2ef52b3
strings	it	10fd874b68da
strings	it	1466dfd01cbc
strings	it	1553cc62ff24
strings	it	15bde57ecf35
strings	it	16900afa6b78
strings	it	186195fc7c13
strings	it	1a325e9af1de
strings	it	1b346f90cd1b
strings	it	1bdd3b369f97
strings	it	254637f72efc
strings	it	2689367b205c
strings	it	29ef5cc20084
strings	it	2b2f518a0c28
strings	it	2bffa26fc09a
strings	it	2d9abca0c3da
strings	it	2f7666c26dd4
strings	it	321f68140efc
strings	it	3316348dbadf
strings	it	351be31afd33
strings	it	373ab9477933
strings	it	37a8eec1ce19
strings	it	398991009da1
strings	it	39a3e6c188bb
strings	it	3b9c358f36f0
strings	it	3e6078c8113a
strings	it	3f61c7b3571e
strings	it	4047bf963b4b
strings	it	41f5450e4905
strings	it	44ff7b02c80d
strings	it	4725d03e493c
strings	it	49f686e1dfc0
strings	it	4ba6238eaad5
strings	it	4cc05f463a47
strings	it	4d6723e5e454
strings	it	4f32ca6bc1ee
strings	it	4f4d29030730
strings	it	510fa29ec62e
strings	it	527bc96e01d0
strings	it	5356fa3a4205
strings	it	5364f2f2fc4f
strings	it	55a4bc5be68e
strings	it	57ffcc28d4b9
strings	it	5c6325581ebc
strings	it	5cf94a388ee3
strings	it	5d2b27e8522f
strings	it	5d49ffb73912
strings	it	601b5b59256d
strings	it	60795feefdb8
strings	it	619dc5cf699f
strings	it	62c66a7a5dd7
strings	it	62d7a6b1211d
strings	it	65a81b2247bb
strings	it	6798ebc34fae
strings	it	6804a1138806
strings	it	6c2067065dcb
strings	it	6d80581676fb
strings	it	6daf1e8dfd18
strings	it	6ed8919ce204
strings	it	6f63d3537f7c
strings	it	715bcd5c916a
strings	it	73cd12283df2
strings	it	73f49131dd07
strings	it	761b88490a63
strings	it	787cad02648a
strings	it	7b9745b5d1d0
strings	it	7cb0ba88de30
strings	it	7ce74b56300b
strings	it	7d601f9d2070
strings	it	7de97367c9cd
strings	it	7e9e5ac30f22
strings	it	81bc829108f4
strings	it	83b6a889a09a
strings	it	8442ab5d8774
strings	it	8726bca729a3
strings	it	8ab6c8281b5e
strings	it	8d6546721a1d
strings	it	8e2c7ac50813
strings	it	9390298f3fb0
strings	it	93d71c85dd89
strings	it	96867a83cd69
strings	it	9692f32eb5b6
strings	it	97dfc65f7428
strings	it	98fe44225503
strings	it	9aa47811a4ef
strings	it	9e54deb8c3f1
strings	it	9f12f430f2fc
strings	it	a13c375f044a
strings	it	a1bfaca82d91
strings	it	a2c7aa6e8f8f
strings	it	a8333dae0c33
strings	it	a8ad04c57d6d
strings	it	ae39991edc61
strings	it	b4dc66dde806
strings	it	b526aece2917
strings	it	b565e9d01cda
strings	it	b6ce07e75b31
strings	it	b7764338ea8a
strings	it	b92237fc4dc8
strings	it	b94dbdeffbb7
strings	it	b9de731495fd
strings	it	ba170609bc2c
strings	it	bd9ef726ee3b
strings	it	c04652c32b84
strings	it	c2bdb21c05aa
strings	it	c5c1764a8b18
strings	it	c754c537ffda
strings	it	c89918efd436
strings	it	c96c6d5be8d0
strings	it	c970ee10df70
strings	it	c9c084bbb09f
strings	it	d0482000457a
strings	it	d14a0b4ce379
strings	it	d14a58bae804
strings	it	d21bb537725d
strings	it	d410850fd5f4
strings	it	d7de34b17b46
strings	it	d8f95cccf898
strings	it	db22c6c1b4e8
strings	it	dbb0bd0ad8aa
strings	it	dd1967b9d355
strings	it	ddec94076785
strings	it	e0ee8bb50685
strings	it	e4a433247324
strings	it	e6780488376a
strings	it	e7840a19bd2c
strings	it	e8faefc0f266
strings	it	eb47a6774fd0
strings	it	ebb1fc0d387c
strings	it	ec2754fb756b
strings	it	ed3df12dac98
strings	it	ef69a8aedf69
strings	it	ef9ea2e6c8b4
strings	it	f0263788046f
strings	it	f0956726750c
strings	it	f36b4ae23868
strings	it	f42c28dec553
strings	it	f4b9ed4ab4d2
strings	it	f632b71387c5
strings	it	f8bab24aa7aa
strings	it	f8f1b2826d9e
strings	it	fc613b4dfd67
strings	it	fd3c3edc295e
strings	it	fe23a187eaec
strings	it	ff63de88dcad
strings	ja	00e37ffae056
strings	ja	01c2df03fd3f
strings	ja	03d9532c0b01
strings	ja	043a718774c5
strings	ja	043f811a6b59
strings	ja	04e027e4990a
strings	ja	07fdd52a6618
strings	ja	0b5c3ad294b7
strings	ja	0d81c18039a3
strings	ja	0e14d148b46b
strings	ja	0ebd0ee4dea8
strings	ja	1072d2ef52b3
strings	ja	10fd874b68da
strings	ja	1188b8e32e60
strings	ja	11f9049ddab5
strings	ja	14668de474ce
strings	ja	1474530b0f63
strings	ja	17efc6654ed2
strings	ja	18e554f0d709
strings	ja	19126213b0d1
strings	ja	1a0a64158316
strings	ja	1e2135d1b50f
strings	ja	1f471325fedc
strings	ja	1fb4d574da92
strings	ja	2689367b205c
strings	ja	27ce1d1bf427
strings	ja	2b39ec3da17e
strings	ja	2cc0af026c11
strings	ja	2e443db623ad
strings	ja	321f68140efc
strings	ja	32ce6a05dd32
strings	ja	3316348dbadf
strings	ja	3323dc2b9653
strings	ja	343677762813
strings	ja	353667e25236
strings	ja	361e48d0308f
strings	ja	38b50befa353
strings	ja	39e09fff7beb
strings	ja	3aa692fcaae4
strings	ja	3e6078c8113a
strings	ja	3f79bb7b435b
strings	ja	42db59940149
strings	ja	433c68371a3d
strings	ja	44ff7b02c80d
strings	ja	4588ed1c9f55
strings	ja	47f75e9f6b87
strings	ja	48ef2b674823
strings	ja	5202cf327dd7
strings	ja	523b2f520432
strings	ja	529d213db1cc
strings	ja	530e5c2a116b
strings	ja	55a4bc5be68e
strings	ja	569069be458e
strings	ja	57e73cd094b8
strings	ja	5d1739592b03
strings	ja	5d5aca01e56d
strings	ja	5e986125224c
strings	ja	601b5b59256d
strings	ja	603f24860fb0
strings	ja	6197595503f0
strings	ja	62c66a7a5dd7
strings	ja	62d7a6b1211d
strings	ja	664b8b96fe35
strings	ja	69795c6ac709
strings	ja	6ab7e53c7595
strings	ja	6d65ed5c7500
strings	ja	6f3443ca32a1
strings	ja	6f7f5f42876b
strings	ja	778f0ce42da3
strings	ja	7a1abb05181a
strings	ja	7aee4f5d6e9e
strings	ja	7c014b0c868f
strings	ja	7d601f9d2070
strings	ja	7e06e6fb4601
strings	ja	7ec26292414b
strings	ja	8092ea181101
strings	ja	83b6a889a09a
strings	ja	84e2129dc105
strings	ja	8d6546721a1d
strings	ja	8d9d03369784
strings	ja	8f26d438109c
strings	ja	900f8294213e
strings	ja	94591749a325
strings	ja	94f574dee916
strings	ja	98086c1d0f91
strings	ja	98f53e254ab8
strings	ja	99aa78081093
strings	ja	99c582b91f9e
strings	ja	9d96cb9f0cf5
strings	ja	a23c93546acc
strings	ja	a2c566e9ccd4
strings	ja	a2c7aa6e8f8f
strings	ja	a3030bf8f16d
strings	ja	a53d4eec13a0
strings	ja	a598392ca3e8
strings	ja	a5f05f6f91d3
strings	ja	a69420b1b107
strings	ja	a87591250d35
strings	ja	a986473097ef
strings	ja	acac86c0e609
strings	ja	ad936fcbed63
strings	ja	af69002907cd
strings	ja	b2e1967fb950
strings	ja	b3b80d82daf3
strings	ja	b3ee1525ccf1
strings	ja	b4dc66dde806
strings	ja	b9e8c70be459
strings	ja	bca84ea5c65f
strings	ja	c1eebbdd356a
strings	ja	c35ff03d9f15
strings	ja	c47cd700f4e0
strings	ja	c4cd19575076
strings	ja	c5c1764a8b18
strings	ja	c69c9823dc71
strings	ja	c737f4508e4b
strings	ja	c7fe7a921e36
strings	ja	c8282e6fdbe6
strings	ja	c96c6d5be8d0
strings	ja	c98007f226ed
strings	ja	cac0f4f215dc
strings	ja	cad897cc75fa
strings	ja	cbaee5edfea2
strings	ja	cc147e162c82
strings	ja	cd0aa9856147
strings	ja	ce6ed0e827c9
strings	ja	d0c9834123da
strings	ja	d10b0069ca25
strings	ja	d25e1490afd4
strings	ja	d3e43f83d066
strings	ja	d54340a79b6b
strings	ja	d5f208dc7b13
strings	ja	d7044340acfd
strings	ja	d91017c932b5
strings	ja	d95bee28d794
strings	ja	dae823312359
strings	ja	dc1e966f2031
strings	ja	de2596ff8552
strings	ja	df26209803f5
strings	ja	e016d4daa29a
strings	ja	e0ee8bb50685
strings	ja	e2e0c454e5d5
strings	ja	e58f1d9ad771
strings	ja	e5fe06d2a11d
strings	ja	e721d064de48
strings	ja	e8d0689965c4
strings	ja	e9653dc3edcb
strings	ja	ea3cbcf77e67
strings	ja	ebb1fc0d387c
strings	ja	ec72b9566a9c
strings	ja	ef9b5b30a7b1
strings	ja	f0956726750c
strings	ja	f28a4bf0db93
strings	ja	f9a29a8d9589
strings	ja	f9eeb63bf773
strings	ja	fa32c57c3a31
strings	ja	fa621264cd3c
strings	ja	faca15b19ede
strings	ja	fc613b4dfd67
strings	ja	fcde2b2edba5
strings	ja	fd6b6462657a
strings	ja	fe2207b290b0
strings	ko	00e37ffae056
strings	ko	00e65ebb3d8a
strings	ko	01f4a8ec495c
strings	ko	02008a38db9d
strings	ko	043a718774c5
strings	ko	04e027e4990a
strings	ko	086bb2ae36c8
strings	ko	086bb5335d17
strings	ko	0a58c245fe6c
strings	ko	0b9ce0d77804
strings	ko	0bafcc336896
strings	ko	0c2737643640
strings	ko	0c8354d0e51a
strings	ko	0f3dfb6563e2
strings	ko	1072d2ef52b3
strings	ko	107b4aeadfc3
strings	ko	10af6db665b0
strings	ko	11348dc4ca7e
strings	ko	113ce17492d3
strings	ko	115bced49291
strings	ko	11c2e8e755e4
strings	ko	13b36d6d0ccc
strings	ko	13c53880c24e
strings	ko	167eff2736c3
strings	ko	1a9b8d5ec4af
strings	ko	1aacb54c4992
strings	ko	1bdcabf0c22c
strings	ko	2059709cfa97
strings	ko	25060fd6bdd6
strings	ko	2517389e33e4
strings	ko	253d1510caf5
strings	ko	2668bc818e5b
strings	ko	270995d734a6
strings	ko	2a12e9bfd4aa
strings	ko	2c747c9b67b0
strings	ko	2e2538f32ce4
strings	ko	2fb0eaf6dcf7
strings	ko	321f68140efc
strings	ko	3603b4581160
strings	ko	37ce92387d92
strings	ko	3827bd8378af
strings	ko	3c26fef5edde
strings	ko	3e6078c8113a
strings	ko	3f79bb7b435b
strings	ko	433249772b5b
strings	ko	444ad021ad50
strings	ko	44ff7b02c80d
strings	ko	4545e9205efc
strings	ko	4684a87f3cc6
strings	ko	46b289bb0a9e
strings	ko	46bc9987963f
strings	ko	4bf8910df4eb
strings	ko	4c2306809937
strings	ko	4c6ff7d5fa8f
strings	ko	4dc8430fe709
strings	ko	4e099ec6abf9
strings	ko	4ea159b30a6b
strings	ko	4f42d868713d
strings	ko	4f776c24ea48
strings	ko	4fddae8b584b
strings	ko	5364f2f2fc4f
strings	ko	557eb1022c3b
strings	ko	56bdb581637d
strings	ko	5a70cb0d632e
strings	ko	5a8433b20b5b
strings	ko	5d908dddbd3a
strings	ko	5dadebe746da
strings	ko	5decd4918442
strings	ko	5efd3ddd4584
strings	ko	5fb926229090
strings	ko	601b5b59256d
strings	ko	6139b6c3ed73
strings	ko	62911dc4c82b
strings	ko	62c66a7a5dd7
strings	ko	62d7a6b1211d
strings	ko	65e8a3307d89
strings	ko	6654f8b110de
strings	ko	692e5bfcaf03
strings	ko	6a0f998c2819
strings	ko	6a28baa53ad4
strings	ko	6b6dfc179595
strings	ko	6c0b9dd710ab
strings	ko	6f412b0ec07e
strings	ko	70495bda7f14
strings	ko	73d664af1497
strings	ko	740b611090ac
strings	ko	75aba55303fb
strings	ko	7839d4846d12
strings	ko	7d601f9d2070
strings	ko	7eeaab2fc6fc
strings	ko	8168b05c3e1c
strings	ko	827f6c483f27
strings	ko	83b651b85e13
strings	ko	84042f84d5a2
strings	ko	854cc60a592c
strings	ko	87b0acef85a7
strings	ko	88f198cd7aa8
strings	ko	8d1a750c9351
strings	ko	8d469e9608dd
strings	ko	9028cd0efec0
strings	ko	91cc6ad82a6c
strings	ko	92c4f8494104
strings	ko	93539a0093d2
strings	ko	93b059a139b0
strings	ko	9474acc7539b
strings	ko	95f3b9f63c81
strings	ko	987ea54bf7ca
strings	ko	9900f11db9cf
strings	ko	9a83aae5c327
strings	ko	9b5760f8263d
strings	ko	9fffdb7d36f7
strings	ko	a0d8b923851e
strings	ko	a2c7aa6e8f8f
strings	ko	a391a59a3eb6
strings	ko	a49006810994
strings	ko	a516cff0ce2f
strings	ko	a5526592ff2c
strings	ko	a696d5b9516d
strings	ko	a7aa1b979074
strings	ko	ac5b575fff0f
strings	ko	ac7c0be84f5e
strings	ko	acac86c0e609
strings	ko	ad21e25c5bff
strings	ko	ad83311ef94f
strings	ko	af099607d1b6
strings	ko	b01ef4ec93d9
strings	ko	b0e9ccda2470
strings	ko	b19ddf94b4c9
strings	ko	b1a8627ebfc2
strings	ko	b1f28cd21af7
strings	ko	b25f803abac2
strings	ko	b4dc66dde806
strings	ko	b5c5e05fe352
strings	ko	b73accca8a4a
strings	ko	bd542ee0495d
strings	ko	bd6cdc584df5
strings	ko	be876433993a
strings	ko	bf718581ac89
strings	ko	bfdbce6891e7
strings	ko	c22f6849ea81
strings	ko	c2712f0f59c8
strings	ko	c3b2704b9425
strings	ko	c5c1764a8b18
strings	ko	c6eb3f439c71
strings	ko	c7f4a2dc4d7c
strings	ko	c93664b0d015
strings	ko	caae0510ef5b
strings	ko	cc091af40798
strings	ko	cd0aa9856147
strings	ko	cda6b55b0b92
strings	ko	cdfb569a98d6
strings	ko	ce706412fa75
strings	ko	cf3bca866369
strings	ko	d0a2c600a1d8
strings	ko	d43a776c5e28
strings	ko	d88540e959e3
strings	ko	d9dc00483d9b
strings	ko	dddeec006741
strings	ko	de3f8710b2a3
strings	ko	e0ee8bb50685
strings	ko	e10195a1239f
strings	ko	e5561a2b0101
strings	ko	e9e50d34e44c
strings	ko	ebb1fc0d387c
strings	ko	f07b32009d77
strings	ko	f6664768f272
strings	ko	f9f4d4113aa1
strings	ko	fb84fa7f86ea
strings	ko	fc30b004c848
strings	ko	fc613b4dfd67
strings	ko	fd7126e59783
strings	pt	00e37ffae056
strings	pt	0296c43c240a
strings	pt	043a718774c5
strings	pt	04e027e4990a
strings	pt	08ff46408702
strings	pt	096d94afdb76
strings	pt	0a08adaa0f55
strings	pt	0b52da7d1621
strings	pt	1072d2ef52b3
strings	pt	10e0b533ef27
strings	pt	10fd874b68da
strings	pt	12d1cda9914c
strings	pt	13021ba5fbfa
strings	pt	1466dfd01cbc
strings	pt	148f9afb9911
strings	pt	1501284e7c84
strings	pt	1553cc62ff24
strings	pt	1675c469d585
strings	pt	16eb86df4151
strings	pt	1b113ad9c878
strings	pt	1c33f3001bfa
strings	pt	21a475bcc7e8
strings	pt	24cfd21c2419
strings	pt	254637f72efc
strings	pt	25e15391097e
strings	pt	2689367b205c
strings	pt	27ce1d1bf427
strings	pt	28024b74175b
strings	pt	2bb31e52ffb2
strings	pt	2c7167442940
strings	pt	2daa81523fc3
strings	pt	2e35b93ee3fb
strings	pt	2e7f8e8c72e5
strings	pt	321f68140efc
strings	pt	32f6a1332c8c
strings	pt	3316348dbadf
strings	pt	332a35baaefc
strings	pt	33ff101183c6
strings	pt	361e48d0308f
strings	pt	36ebec40ad83
strings	pt	398991009da1
strings	pt	3affe922c6b4
strings	pt	3e6078c8113a
strings	pt	3eeb9176e02a
strings	pt	3f1b1d59789a
strings	pt	3f79bb7b435b
strings	pt	3fdd5e36a49f
strings	pt	407cd95d023e
strings	pt	4103b80338bb
strings	pt	41152a93c5dd
strings	pt	414caf2ddb8c
strings	pt	421f7a8d0cb5
strings	pt	43cb10fc3580
strings	pt	44ff7b02c80d
strings	pt	469b7098e2fc
strings	pt	4ba6238eaad5
strings	pt	53507f8ddc15
strings	pt	5364f2f2fc4f
strings	pt	5434cd8b83e5
strings	pt	554a5bf46ee7
strings	pt	55a4bc5be68e
strings	pt	5d47f96d4360
strings	pt	5d7e2862942f
strings	pt	5dab276b05d4
strings	pt	601b5b59256d
strings	pt	6197595503f0
strings	pt	62005af045b6
strings	pt	62ab8ab7b165
strings	pt	62c66a7a5dd7
strings	pt	62d7a6b1211d
strings	pt	6549eb217899
strings	pt	673d79f63550
strings	pt	6feb97471029
strings	pt	6fffc9dad423
strings	pt	746d61d9830f
strings	pt	74fc70e6cc67
strings	pt	7632827189e4
strings	pt	765dad6753a2
strings	pt	76daee1631fe
strings	pt	7a24e80f3158
strings	pt	7ce74b56300b
strings	pt	7d601f9d2070
strings	pt	7de97367c9cd
strings	pt	7e34d9b03996
strings	pt	7f2f68e57ef1
strings	pt	80f65338f6f0
strings	pt	8286fec68a5a
strings	pt	83b6a889a09a
strings	pt	86fa2fe3f8a0
strings	pt	8cce676e2f83
strings	pt	8d6341258d8d
strings	pt	8d6546721a1d
strings	pt	90078d7bf027
strings	pt	961220d4da69
strings	pt	97223543a8d8
strings	pt	97dfc65f7428
strings	pt	9cc50439b3ae
strings	pt	a2c7aa6e8f8f
strings	pt	a4c18ee0ada5
strings	pt	a7aa1b979074
strings	pt	a7b520daedb7
strings	pt	a91345266d10
strings	pt	aaf92b819ad2
strings	pt	af7cb984b40f
strings	pt	af871e69c0ac
strings	pt	b14145802cf0
strings	pt	b1a658ce2365
strings	pt	b2acc4f55173
strings	pt	b3c0515f2ee9
strings	pt	b4dc66dde806
strings	pt	b8d43b9ba85b
strings	pt	b9de731495fd
strings	pt	ba64b4c5e38a
strings	pt	ba7fd06003e7
strings	pt	bee040774281
strings	pt	c00fe5041979
strings	pt	c24ab6afa425
strings	pt	c5c1764a8b18
strings	pt	c6253a1c574b
strings	pt	c87f4d6bdd7f
strings	pt	cbe1dbcd749e
strings	pt	cc4eae7d7800
strings	pt	cc54cc72308e
strings	pt	cd0aa9856147
strings	pt	cd840dae9d24
strings	pt	ce8737c72f69
strings	pt	cf3bca866369
strings	pt	d128496db665
strings	pt	d147ce44b9f7
strings	pt	d15917b6ec92
strings	pt	d17b5a0f0fac
strings	pt	d21bb537725d
strings	pt	d64561f4cec6
strings	pt	d7dde817b3ad
strings	pt	d7de34b17b46
strings	pt	dce62d25a088
strings	pt	e0ee8bb50685
strings	pt	e907f5d07d99
strings	pt	e9dbbb175f22
strings	pt	eb47a6774fd0
strings	pt	eb89cf7f758a
strings	pt	ebb1fc0d387c
strings	pt	ec978445a3d9
strings	pt	eeaeb7f9fc09
strings	pt	f0956726750c
strings	pt	f0b3043fd271
strings	pt	f1879dee1718
strings	pt	f271a122bf42
strings	pt	f7c6ea1e0627
strings	pt	f9f5483cfe36
strings	pt	fc23cc3fac93
strings	pt	fc613b4dfd67
strings	pt	ff5c2cf0f1ec
strings	zh_CN	01f05ee009f3
strings	zh_CN	043a718774c5
strings	zh_CN	0443a883b5af
strings	zh_CN	051836569928
strings	zh_CN	07aa0ebd247f
strings	zh_CN	0c04098e48ab
strings	zh_CN	0c70665b6eb6
strings	zh_CN	0e14d148b46b
strings	zh_CN	1072d2ef52b3
strings	zh_CN	10fd874b68da
strings	zh_CN	14ef88fbbc4b
strings	zh_CN	197d84ce6745
strings	zh_CN	1fb4d574da92
strings	zh_CN	20b262c805f7
strings	zh_CN	23876e0d56ed
strings	zh_CN	25c533f29934
strings	zh_CN	269635727321
strings	zh_CN	26b9c4d2448e
strings	zh_CN	26be8fd1cfbc
strings	zh_CN	26ccac39f1d3
strings	zh_CN	296c632ec857
strings	zh_CN	2ac81b9d17f2
strings	zh_CN	2cd0f3be8738
strings	zh_CN	322408c53bed
strings	zh_CN	3316348dbadf
strings	zh_CN	331ef3154a3d
strings	zh_CN	3441c29dbc82
strings	zh_CN	361e48d0308f
strings	zh_CN	36329ceeff9f
strings	zh_CN	39932f24fe11
strings	zh_CN	3acc9333db7a
strings	zh_CN	3b7f5965bdbf
strings	zh_CN	3f79bb7b435b
strings	zh_CN	44ff7b02c80d
strings	zh_CN	4588ed1c9f55
strings	zh_CN	492e68a6be02
strings	zh_CN	4988ac21befa
strings	zh_CN	4a12a280ceb8
strings	zh_CN	4ce4cafdd056
strings	zh_CN	4e1449e7d5e5
strings	zh_CN	50ef2f4cf6a4
strings	zh_CN	51d1b1b7f390
strings	zh_CN	5234bc45aa11
strings	zh_CN	5521be0d991b
strings	zh_CN	55a4bc5be68e
strings	zh_CN	576d81bb0631
strings	zh_CN	5910f35ad7cf
strings	zh_CN	5b5379a4c7b0
strings	zh_CN	5fe85366f116
strings	zh_CN	6197595503f0
strings	zh_CN	62c66a7a5dd7
strings	zh_CN	6320b4a8722a
strings	zh_CN	634956b8e05b
strings	zh_CN	636798778bbf
strings	zh_CN	638da724f459
strings	zh_CN	6f1aeb37cee7
strings	zh_CN	719002bde3e3
strings	zh_CN	73a8702ef9f3
strings	zh_CN	743acd5e2d78
strings	zh_CN	76420433f22d
strings	zh_CN	76fd489d2c72
strings	zh_CN	7a8a11ead507
strings	zh_CN	7c4b09588bef
strings	zh_CN	7c7802d8adae
strings	zh_CN	7db2e189ecb0
strings	zh_CN	7e9e5ac30f22
strings	zh_CN	7f88f30e7ecc
strings	zh_CN	816a191beef3
strings	zh_CN	829a35554fa1
strings	zh_CN	83425ca32a46
strings	zh_CN	83b6a889a09a
strings	zh_CN	86624b229c07
strings	zh_CN	87a6d13afece
strings	zh_CN	894bcae565bf
strings	zh_CN	8b91a131263f
strings	zh_CN	908e56fe5ed8
strings	zh_CN	917be056cfa1
strings	zh_CN	9532ddfeb39c
strings	zh_CN	994aeaf2f19d
strings	zh_CN	9e13a27526b5
strings	zh_CN	9efe01f647d6
strings	zh_CN	a1f98e1d9b0f
strings	zh_CN	a2c7aa6e8f8f
strings	zh_CN	a3030bf8f16d
strings	zh_CN	a8c81f93f2e0
strings	zh_CN	aa3d240304ad
strings	zh_CN	ad3221dd6681
strings	zh_CN	ad3869d660ba
strings	zh_CN	ae86067f4864
strings	zh_CN	aedd6814ff8c
strings	zh_CN	b5551f66a524
strings	zh_CN	b8f436ef6295
strings	zh_CN	be1b4f3c6c1c
strings	zh_CN	be2c6e95b632
strings	zh_CN	c03b845042dc
strings	zh_CN	c0b3ca2763cc
strings	zh_CN	c3396195e91c
strings	zh_CN	c560201b331c
strings	zh_CN	c5c1764a8b18
strings	zh_CN	c69ec2ffb0db
strings	zh_CN	c771248e511f
strings	zh_CN	c7b24e7997e9
strings	zh_CN	cd0aa9856147
strings	zh_CN	cda1d55c5231
strings	zh_CN	cde2cd071d25
strings	zh_CN	d2bb025a2e51
strings	zh_CN	d44e9b3d3b31
strings	zh_CN	d5d148bad750
strings	zh_CN	d64650de26d2
strings	zh_CN	d948fe23939e
strings	zh_CN	da11a47c4bb9
strings	zh_CN	da21b765b36d
strings	zh_CN	da9fc8ba9497
strings	zh_CN	dac3d2ba2605
strings	zh_CN	dc0dd71bc2b2
strings	zh_CN	df6192c12ed2
strings	zh_CN	e25b4e3ce038
strings	zh_CN	e25e6a7edc84
strings	zh_CN	e2e0c454e5d5
strings	zh_CN	e8f88f51ccb0
strings	zh_CN	ed1d9c1433de
strings	zh_CN	ed3ca6cb2772
strings	zh_CN	ef28216629be
strings	zh_CN	f0956726750c
strings	zh_CN	f5e58eee2933
strings	zh_CN	f867f3417859
strings	zh_CN	f8bb345d7abe
strings	zh_CN	fa96079c3b2f
strings	zh_CN	fc14772145c2
strings	zh_CN	fc48a7f2334a
strings	zh_CN	fc6bb436b8ca
strings	zh_CN	fcd53935fd79
strings	zh_CN	ff9872a023e3
strings	zh_TW	0006d696d8e1
strings	zh_TW	043a718774c5
strings	zh_TW	072f8e421da9
strings	zh_TW	08257452ff98
strings	zh_TW	09aa295afc09
strings	zh_TW	0a66d7740c1f
strings	zh_TW	0bde52e62cb0
strings	zh_TW	0c70665b6eb6
strings	zh_TW	0e14d148b46b
strings	zh_TW	1072d2ef52b3
strings	zh_TW	10fd874b68da
strings	zh_TW	1188b8e32e60
strings	zh_TW	13710f2bab03
strings	zh_TW	137c6f1c9072
strings	zh_TW	1b2c8c90d277
strings	zh_TW	1b3e3c682299
strings	zh_TW	1c28730922f0
strings	zh_TW	1e7c9e669db0
strings	zh_TW	1fb4d574da92
strings	zh_TW	1ffab26240c3
strings	zh_TW	252c6d8f4b8d
strings	zh_TW	252e2582dc3f
strings	zh_TW	2ad0439b02d3
strings	zh_TW	2c7e54939852
strings	zh_TW	2cd0f3be8738
strings	zh_TW	2f3827ae76ed
strings	zh_TW	321f68140efc
strings	zh_TW	3316348dbadf
strings	zh_TW	36a4896e242b
strings	zh_TW	3ba764d49538
strings	zh_TW	3c8f5b363ab3
strings	zh_TW	3e11a9ea0d31
strings	zh_TW	3f79bb7b435b
strings	zh_TW	4324d8ded60b
strings	zh_TW	44ff7b02c80d
strings	zh_TW	451755e3831f
strings	zh_TW	4fe3ec48a169
strings	zh_TW	54cbbf8c26b9
strings	zh_TW	55a4bc5be68e
strings	zh_TW	58be5abb3cf5
strings	zh_TW	5e3debb1ab63
strings	zh_TW	5f7f016c7a4a
strings	zh_TW	5fe85366f116
strings	zh_TW	601b5b59256d
strings	zh_TW	611182f26c81
strings	zh_TW	628f8cd72758
strings	zh_TW	62c66a7a5dd7
strings	zh_TW	662a38a45c0c
strings	zh_TW	74b52dbe14b5
strings	zh_TW	76ea678e0069
strings	zh_TW	774a046c2ab3
strings	zh_TW	7a564c0236a5
strings	zh_TW	7c1f0dfc4aa8
strings	zh_TW	7d107cf4d03a
strings	zh_TW	7d30ef8ed2cf
strings	zh_TW	83b6a889a09a
strings	zh_TW	84623c8ece79
strings	zh_TW	84c082984db5
strings	zh_TW	86f8228cb0b7
strings	zh_TW	87351fc6be81
strings	zh_TW	8840675ce7c2
strings	zh_TW	89e83aa165f7
strings	zh_TW	8a1646894554
strings	zh_TW	8b50c20298bd
strings	zh_TW	8b8439265870
strings	zh_TW	8e24a12f52d5
strings	zh_TW	8f241929a6ab
strings	zh_TW	908e56fe5ed8
strings	zh_TW	93e0ba096457
strings	zh_TW	97dfc65f7428
strings	zh_TW	98ab597095e4
strings	zh_TW	994aeaf2f19d
strings	zh_TW	9b9c8ce3d11c
strings	zh_TW	9d3d44afd2ff
strings	zh_TW	9d74d527e385
strings	zh_TW	a11ac5efe91d
strings	zh_TW	a11b1f7b14a7
strings	zh_TW	a2c7aa6e8f8f
strings	zh_TW	a2e3bc12cb7c
strings	zh_TW	a50371cbc241
strings	zh_TW	a5274f381305
strings	zh_TW	a602302c3bbd
strings	zh_TW	ab802105b512
strings	zh_TW	aedd6814ff8c
strings	zh_TW	b0352a944f49
strings	zh_TW	b4113bb5c7cd
strings	zh_TW	b452228f4391
strings	zh_TW	be547beabfb6
strings	zh_TW	bfef2b2cc21d
strings	zh_TW	c3396195e91c
strings	zh_TW	c36df30c9753
strings	zh_TW	c52073b9e9bc
strings	zh_TW	c560201b331c
strings	zh_TW	c5c1764a8b18
strings	zh_TW	c98e118e0a43
strings	zh_TW	ca15e2893f9f
strings	zh_TW	cc147e162c82
strings	zh_TW	cc74a593317c
strings	zh_TW	cd0aa9856147
strings	zh_TW	cd8e1b5dd79e
strings	zh_TW	cda1d55c5231
strings	zh_TW	cdaa1888c8b6
strings	zh_TW	ce3fde8e70b3
strings	zh_TW	cf50dff49b5a
strings	zh_TW	d02b3d6b2655
strings	zh_TW	d449494b68e0
strings	zh_TW	d527a6792fd9
strings	zh_TW	d54005bd8e3c
strings	zh_TW	d57366ca4f4f
strings	zh_TW	d6a739f39d28
strings	zh_TW	dba44ed3f54f
strings	zh_TW	dd3ac8d97207
strings	zh_TW	de2596ff8552
strings	zh_TW	e01b94ddd5d5
strings	zh_TW	e03a86825cec
strings	zh_TW	e0d4485966bd
strings	zh_TW	e2485d4c29a4
strings	zh_TW	e25b4e3ce038
strings	zh_TW	e2e0c454e5d5
strings	zh_TW	e784914c0c05
strings	zh_TW	e7e2e9daf29b
strings	zh_TW	eb60ad403039
strings	zh_TW	ec7518b474dc
strings	zh_TW	ee1f5ad7d73a
strings	zh_TW	ef64f2129748
strings	zh_TW	f0956726750c
strings	zh_TW	f624d5cdfc18
strings	zh_TW	f6716c470c08
strings	zh_TW	f867f3417859
strings	zh_TW	fa96079c3b2f
strings	zh_TW	fd05e74a13f2
strings	zh_TW	ff5684984309
