# source	locale	exact	near	the string, JSON-quoted
# Generated by Scripts/logic_canon.py confirm and build: strings whose 32-bit
# prefix is in an absence set, compared as strings against the corpus.
# Do not hand-edit.
madsp	-	ships	near	"Add"
madsp	-	ships	near	"E"
madsp	-	ships	near	"G"
madsp	-	ships	near	"Length"
madsp	-	ships	near	"Model"
madsp	-	ships	near	"Stereo"
madsp	-	ships	near	"View"
nibstrings	en	ships	near	"Add"
nibstrings	en	ships	near	"Autopunch"
nibstrings	en	ships	near	"Bounce"
nibstrings	en	ships	near	"Cancel"
nibstrings	en	absent	near	"Choose"
nibstrings	en	ships	near	"Controls"
nibstrings	en	ships	near	"Count In"
nibstrings	en	ships	near	"Create"
nibstrings	en	ships	near	"Cycle"
nibstrings	en	ships	near	"Default"
nibstrings	en	ships	near	"Delete"
nibstrings	en	ships	near	"Delete Tracks and Content"
nibstrings	en	ships	near	"E"
nibstrings	en	ships	near	"Edit"
nibstrings	en	absent	near	"End"
nibstrings	en	ships	near	"Export"
nibstrings	en	absent	near	"File"
nibstrings	en	ships	near	"Folder"
nibstrings	en	ships	near	"G"
nibstrings	en	ships	near	"Go To Position"
nibstrings	en	ships	near	"Horizontal Zoom"
nibstrings	en	ships	near	"Import"
nibstrings	en	ships	near	"Install"
nibstrings	en	absent	near	"Install…"
nibstrings	en	ships	near	"Instrument Names"
nibstrings	en	ships	near	"Key Command"
nibstrings	en	ships	near	"Learn by Key Label"
nibstrings	en	ships	near	"Length"
nibstrings	en	ships	near	"Library"
nibstrings	en	absent	near	"MIDI File…"
nibstrings	en	ships	near	"Menu"
nibstrings	en	ships	near	"Mixer"
nibstrings	en	ships	near	"Model"
nibstrings	en	ships	near	"Mute"
nibstrings	en	ships	near	"Name"
nibstrings	en	ships	near	"New"
nibstrings	en	ships	near	"New Track"
nibstrings	en	ships	near	"Normalize"
nibstrings	en	ships	near	"OK"
nibstrings	en	absent	near	"Off-line"
nibstrings	en	ships	near	"Offline"
nibstrings	en	ships	near	"One File per Track"
nibstrings	en	ships	near	"Package"
nibstrings	en	ships	near	"Position"
nibstrings	en	absent	near	"Position …"
nibstrings	en	absent	near	"Position…"
nibstrings	en	absent	near	"Preset"
nibstrings	en	ships	near	"Read"
nibstrings	en	ships	near	"Realtime"
nibstrings	en	ships	near	"Record"
nibstrings	en	ships	near	"Record Enable"
nibstrings	en	ships	near	"Save"
nibstrings	en	ships	near	"Save As…"
nibstrings	en	ships	near	"Set Locators"
nibstrings	en	absent	near	"Set Locators…"
nibstrings	en	absent	near	"Settings…"
nibstrings	en	absent	near	"Setup …"
nibstrings	en	ships	near	"Setup…"
nibstrings	en	ships	near	"Solo"
nibstrings	en	absent	near	"Start"
nibstrings	en	ships	near	"Status"
nibstrings	en	ships	near	"Stereo"
nibstrings	en	ships	near	"Tempo"
nibstrings	en	ships	near	"Track"
nibstrings	en	ships	near	"Track Name"
nibstrings	en	ships	near	"Tracks"
nibstrings	en	ships	near	"Undo"
nibstrings	en	ships	near	"View"
nibstrings	en	ships	near	"Window"
nibstrings	en	ships	near	"bpm"
nibstrings	en	ships	near	"off"
quickhelp	de	ships	near	"Aufnahme"
quickhelp	de	ships	near	"Bedienoberflächen-Setup"
quickhelp	de	ships	near	"Bibliothek"
quickhelp	de	ships	near	"Fine"
quickhelp	de	ships	near	"Installieren"
quickhelp	de	absent	near	"Installieren …"
quickhelp	de	ships	near	"Länge"
quickhelp	de	ships	near	"Löschen"
quickhelp	de	ships	near	"Marker-Liste öffnen"
quickhelp	de	ships	near	"Name"
quickhelp	de	ships	near	"Neu"
quickhelp	de	ships	near	"Neue Audiospur"
quickhelp	de	ships	near	"Neue Spur"
quickhelp	de	ships	near	"Neue Spur für Software-Instrument"
quickhelp	de	ships	near	"Neue externe MIDI-Spur"
quickhelp	de	ships	near	"New"
quickhelp	de	ships	near	"Normalisieren"
quickhelp	de	ships	near	"Position"
quickhelp	de	ships	near	"Position der Abspielposition"
quickhelp	de	absent	near	"Position …"
quickhelp	de	absent	near	"Position…"
quickhelp	de	ships	near	"Sichern"
quickhelp	de	ships	near	"Spur für die Aufnahme aktivieren ein-/ausschalten"
quickhelp	de	ships	near	"Spur löschen"
quickhelp	de	ships	near	"Spur umbenennen"
quickhelp	de	ships	near	"Spuren"
quickhelp	de	ships	near	"Start"
quickhelp	de	ships	near	"Stereo"
quickhelp	de	ships	near	"Steuerungsleiste"
quickhelp	de	ships	near	"Tempo"
quickhelp	de	ships	near	"Tempoliste"
quickhelp	de	ships	near	"Tempoliste einblenden"
quickhelp	de	ships	near	"Wiedergabe"
quickhelp	en	ships	near	"Create Marker"
quickhelp	en	ships	near	"Delete"
quickhelp	en	ships	near	"Delete Track"
quickhelp	en	ships	near	"Fine"
quickhelp	en	ships	near	"Install"
quickhelp	en	absent	near	"Install…"
quickhelp	en	ships	near	"Key Command"
quickhelp	en	ships	near	"Length"
quickhelp	en	ships	near	"Library"
quickhelp	en	ships	near	"Mute"
quickhelp	en	ships	near	"Name"
quickhelp	en	ships	near	"New"
quickhelp	en	ships	near	"New Audio Track"
quickhelp	en	ships	near	"New External MIDI Track"
quickhelp	en	absent	near	"New Session Player SI Track…"
quickhelp	en	ships	near	"New Software Instrument Track"
quickhelp	en	ships	near	"New Track"
quickhelp	en	ships	near	"Normalize"
quickhelp	en	ships	near	"Open Marker List"
quickhelp	en	ships	near	"Position"
quickhelp	en	absent	near	"Position …"
quickhelp	en	absent	near	"Position…"
quickhelp	en	ships	near	"Record"
quickhelp	en	ships	near	"Rename Track"
quickhelp	en	ships	near	"Save"
quickhelp	en	absent	near	"Save As…"
quickhelp	en	ships	near	"Show Tempo List"
quickhelp	en	ships	near	"Start"
quickhelp	en	ships	near	"Stereo"
quickhelp	en	ships	near	"Tempo"
quickhelp	en	ships	near	"Tempo List"
quickhelp	en	ships	near	"Toggle Track Record Enable"
quickhelp	en	ships	near	"Tracks"
quickhelp	en	ships	near	"Undo"
quickhelp	es	ships	near	"Abrir lista de marcadores"
quickhelp	es	ships	near	"Activar/desactivar grabación de pista"
quickhelp	es	ships	near	"Barra de controles"
quickhelp	es	ships	near	"Biblioteca"
quickhelp	es	ships	near	"Canal"
quickhelp	es	ships	near	"Comando de teclado"
quickhelp	es	ships	near	"Compás de entrada"
quickhelp	es	ships	near	"Configuración de superficies de control"
quickhelp	es	ships	near	"Crear marcador"
quickhelp	es	ships	near	"Eliminar pista"
quickhelp	es	ships	near	"Estéreo"
quickhelp	es	ships	near	"Guardar"
quickhelp	es	absent	near	"Guardar como…"
quickhelp	es	ships	near	"Inicio"
quickhelp	es	ships	near	"Instalar"
quickhelp	es	absent	near	"Instalar…"
quickhelp	es	ships	near	"Mostrar lista de tempo"
quickhelp	es	ships	near	"Nombre"
quickhelp	es	ships	near	"Normalizar"
quickhelp	es	ships	near	"Nueva pista"
quickhelp	es	ships	near	"Nueva pista MIDI externa"
quickhelp	es	ships	near	"Nueva pista de audio"
quickhelp	es	ships	near	"Nueva pista de instrumento de software"
quickhelp	es	ships	near	"Nuevo"
quickhelp	es	ships	near	"Pistas"
quickhelp	es	ships	near	"Posición"
quickhelp	es	ships	near	"Posición del cursor de reproducción"
quickhelp	es	absent	near	"Posición…"
quickhelp	es	ships	near	"Renombrar pista"
quickhelp	es	ships	near	"Silenciar"
quickhelp	es	ships	near	"Tempo"
quickhelp	es	ships	near	"Tiempo"
quickhelp	fr	ships	near	"Activer/Désactiver l’enregistrement sur piste"
quickhelp	fr	ships	near	"Afficher la liste du tempo"
quickhelp	fr	ships	near	"Aller à"
quickhelp	fr	ships	near	"Annuler"
quickhelp	fr	ships	near	"Barre des commandes"
quickhelp	fr	ships	near	"Bibliothèque"
quickhelp	fr	ships	near	"Créer un marqueur"
quickhelp	fr	ships	near	"Durée"
quickhelp	fr	ships	near	"Décompte"
quickhelp	fr	ships	near	"Enregistrer"
quickhelp	fr	absent	near	"Enregistrer sous…"
quickhelp	fr	ships	near	"Fin"
quickhelp	fr	ships	near	"Installer"
quickhelp	fr	absent	near	"Installer…"
quickhelp	fr	ships	near	"Muet"
quickhelp	fr	ships	near	"Nom"
quickhelp	fr	ships	near	"Normaliser"
quickhelp	fr	ships	near	"Nouveau"
quickhelp	fr	ships	near	"Nouvelle piste"
quickhelp	fr	ships	near	"Nouvelle piste MIDI externe"
quickhelp	fr	absent	near	"Nouvelle piste SI Session Player…"
quickhelp	fr	ships	near	"Nouvelle piste audio"
quickhelp	fr	ships	near	"Nouvelle piste d’instrument logiciel"
quickhelp	fr	ships	near	"Ouvrir la liste des marqueurs"
quickhelp	fr	ships	near	"Pistes"
quickhelp	fr	ships	near	"Position"
quickhelp	fr	ships	near	"Position de la tête de lecture"
quickhelp	fr	absent	near	"Position …"
quickhelp	fr	absent	near	"Position…"
quickhelp	fr	ships	near	"Raccourci clavier"
quickhelp	fr	ships	near	"Renommer la piste"
quickhelp	fr	ships	near	"Stéréo"
quickhelp	fr	ships	near	"Supprimer"
quickhelp	fr	ships	near	"Supprimer la piste"
quickhelp	fr	ships	near	"Tempo"
quickhelp	fr	ships	near	"Temps"
quickhelp	it	ships	near	"Create Marker"
quickhelp	it	ships	near	"Delete"
quickhelp	it	ships	near	"Delete Track"
quickhelp	it	ships	near	"Fine"
quickhelp	it	ships	near	"Install"
quickhelp	it	absent	near	"Install…"
quickhelp	it	ships	near	"Key Command"
quickhelp	it	ships	near	"Length"
quickhelp	it	ships	near	"Library"
quickhelp	it	ships	near	"Mute"
quickhelp	it	ships	near	"Name"
quickhelp	it	ships	near	"New"
quickhelp	it	ships	near	"New Audio Track"
quickhelp	it	ships	near	"New External MIDI Track"
quickhelp	it	absent	near	"New Session Player SI Track…"
quickhelp	it	ships	near	"New Software Instrument Track"
quickhelp	it	ships	near	"New Track"
quickhelp	it	ships	near	"Normalize"
quickhelp	it	ships	near	"Open Marker List"
quickhelp	it	ships	near	"Position"
quickhelp	it	absent	near	"Position …"
quickhelp	it	absent	near	"Position…"
quickhelp	it	ships	near	"Record"
quickhelp	it	ships	near	"Rename Track"
quickhelp	it	ships	near	"Save"
quickhelp	it	absent	near	"Save As…"
quickhelp	it	ships	near	"Show Tempo List"
quickhelp	it	ships	near	"Start"
quickhelp	it	ships	near	"Stereo"
quickhelp	it	ships	near	"Tempo"
quickhelp	it	ships	near	"Tempo List"
quickhelp	it	ships	near	"Toggle Track Record Enable"
quickhelp	it	ships	near	"Tracks"
quickhelp	it	ships	near	"Undo"
quickhelp	ja	absent	near	"- マーカーリスト"
quickhelp	ja	ships	near	"Delete"
quickhelp	ja	ships	near	"Length"
quickhelp	ja	ships	near	"MIDIチャンネル"
quickhelp	ja	ships	near	"New"
quickhelp	ja	ships	near	"Start"
quickhelp	ja	ships	near	"Tempo"
quickhelp	ja	ships	near	"インストール"
quickhelp	ja	absent	near	"インストール…"
quickhelp	ja	ships	near	"インスペクタの左チャンネルストリップ"
quickhelp	ja	ships	near	"オフ"
quickhelp	ja	ships	near	"オートメーション"
quickhelp	ja	ships	near	"カウントイン"
quickhelp	ja	ships	near	"キーコマンド"
quickhelp	ja	ships	near	"コンテンツ"
quickhelp	ja	ships	near	"コントロールサーフェス設定"
quickhelp	ja	ships	near	"コントロールバー"
quickhelp	ja	ships	near	"ステレオ"
quickhelp	ja	ships	near	"テンポリスト"
quickhelp	ja	ships	near	"テンポリストを表示"
quickhelp	ja	ships	near	"トラック"
quickhelp	ja	ships	near	"トラックの録音可能を切り替える"
quickhelp	ja	ships	near	"トラックを削除"
quickhelp	ja	ships	near	"トラックヘッダ"
quickhelp	ja	ships	near	"トラック名を変更"
quickhelp	ja	ships	near	"ノーマライズ"
quickhelp	ja	ships	near	"バス"
quickhelp	ja	ships	near	"パン"
quickhelp	ja	ships	near	"ビート"
quickhelp	ja	ships	near	"ボリューム"
quickhelp	ja	ships	near	"マーカーを作成"
quickhelp	ja	ships	near	"マーカーリストを開く"
quickhelp	ja	ships	near	"ミュート"
quickhelp	ja	ships	near	"ライブラリ"
quickhelp	ja	ships	near	"位置"
quickhelp	ja	absent	near	"位置…"
quickhelp	ja	ships	near	"保存"
quickhelp	ja	ships	near	"再生"
quickhelp	ja	ships	near	"再生ヘッドの位置"
quickhelp	ja	absent	near	"別名で保存…"
quickhelp	ja	ships	near	"名前"
quickhelp	ja	ships	near	"新規オーディオトラック"
quickhelp	ja	ships	near	"新規ソフトウェア音源トラック"
quickhelp	ja	ships	near	"新規トラック"
quickhelp	ja	ships	near	"新規外部MIDIトラック"
quickhelp	ja	ships	near	"終了"
quickhelp	ja	ships	near	"録音"
quickhelp	ja	ships	near	"開く"
quickhelp	ja	ships	near	"開始"
quickhelp	ko	absent	near	"- 마커 목록"
quickhelp	ko	ships	near	"Delete"
quickhelp	ko	ships	near	"MIDI 채널"
quickhelp	ko	ships	near	"New"
quickhelp	ko	ships	near	"Tempo"
quickhelp	ko	ships	near	"그룹"
quickhelp	ko	ships	near	"길이"
quickhelp	ko	ships	near	"끔"
quickhelp	ko	ships	near	"노멀라이즈"
quickhelp	ko	ships	near	"녹음"
quickhelp	ko	ships	near	"라이브러리"
quickhelp	ko	ships	near	"루프 브라우저"
quickhelp	ko	ships	near	"마커 목록 열기"
quickhelp	ko	ships	near	"마커 생성"
quickhelp	ko	ships	near	"바이패스"
quickhelp	ko	ships	near	"버스"
quickhelp	ko	absent	near	"별도 저장…"
quickhelp	ko	ships	near	"볼륨"
quickhelp	ko	ships	near	"비트"
quickhelp	ko	ships	near	"사이클"
quickhelp	ko	ships	near	"삭제"
quickhelp	ko	absent	near	"새로운 Session Player SI 트랙…"
quickhelp	ko	ships	near	"새로운 소프트웨어 악기 트랙"
quickhelp	ko	ships	near	"새로운 오디오 트랙"
quickhelp	ko	ships	near	"새로운 트랙"
quickhelp	ko	ships	near	"설치"
quickhelp	ko	absent	near	"설치…"
quickhelp	ko	ships	near	"스테레오"
quickhelp	ko	ships	near	"시작"
quickhelp	ko	ships	near	"신규"
quickhelp	ko	ships	near	"실행 취소"
quickhelp	ko	ships	near	"열기"
quickhelp	ko	ships	near	"오토메이션"
quickhelp	ko	ships	near	"왼쪽 인스펙터 채널 스트립"
quickhelp	ko	ships	near	"위치"
quickhelp	ko	absent	near	"위치…"
quickhelp	ko	ships	near	"음소거"
quickhelp	ko	ships	near	"이름"
quickhelp	ko	ships	near	"이름 변경"
quickhelp	ko	ships	near	"입력"
quickhelp	ko	ships	near	"입력 슬롯"
quickhelp	ko	ships	near	"재생"
quickhelp	ko	ships	near	"재생헤드 위치"
quickhelp	ko	ships	near	"저장"
quickhelp	ko	ships	near	"종료"
quickhelp	ko	ships	near	"출력"
quickhelp	ko	ships	near	"출력 슬롯"
quickhelp	ko	ships	near	"카운트 인"
quickhelp	ko	ships	near	"컨트롤 막대"
quickhelp	ko	ships	near	"컨트롤 서피스 설정"
quickhelp	ko	ships	near	"콘텐츠"
quickhelp	ko	ships	near	"키 명령"
quickhelp	ko	ships	near	"템포 목록"
quickhelp	ko	ships	near	"템포 목록 보기"
quickhelp	ko	ships	near	"트랙"
quickhelp	ko	ships	near	"트랙 녹음 활성화 토글"
quickhelp	ko	ships	near	"트랙 삭제"
quickhelp	ko	ships	near	"트랙 이름 변경"
quickhelp	ko	ships	near	"트랙 헤더"
quickhelp	ko	ships	near	"패닝"
quickhelp	ko	ships	near	"프리셋"
quickhelp	ko	ships	near	"확대"
quickhelp	pt	ships	near	"Create Marker"
quickhelp	pt	ships	near	"Delete"
quickhelp	pt	ships	near	"Delete Track"
quickhelp	pt	ships	near	"Fine"
quickhelp	pt	ships	near	"Install"
quickhelp	pt	absent	near	"Install…"
quickhelp	pt	ships	near	"Key Command"
quickhelp	pt	ships	near	"Length"
quickhelp	pt	ships	near	"Library"
quickhelp	pt	ships	near	"Mute"
quickhelp	pt	ships	near	"Name"
quickhelp	pt	ships	near	"New"
quickhelp	pt	ships	near	"New Audio Track"
quickhelp	pt	ships	near	"New External MIDI Track"
quickhelp	pt	absent	near	"New Session Player SI Track…"
quickhelp	pt	ships	near	"New Software Instrument Track"
quickhelp	pt	ships	near	"New Track"
quickhelp	pt	ships	near	"Normalize"
quickhelp	pt	ships	near	"Open Marker List"
quickhelp	pt	ships	near	"Position"
quickhelp	pt	absent	near	"Position …"
quickhelp	pt	absent	near	"Position…"
quickhelp	pt	ships	near	"Record"
quickhelp	pt	ships	near	"Rename Track"
quickhelp	pt	ships	near	"Save"
quickhelp	pt	absent	near	"Save As…"
quickhelp	pt	ships	near	"Show Tempo List"
quickhelp	pt	ships	near	"Start"
quickhelp	pt	ships	near	"Stereo"
quickhelp	pt	ships	near	"Tempo"
quickhelp	pt	ships	near	"Tempo List"
quickhelp	pt	ships	near	"Toggle Track Record Enable"
quickhelp	pt	ships	near	"Tracks"
quickhelp	pt	ships	near	"Undo"
quickhelp	zh_CN	absent	near	"- 标记列表"
quickhelp	zh_CN	ships	near	"MIDI 通道"
quickhelp	zh_CN	absent	near	"位置"
quickhelp	zh_CN	absent	near	"位置…"
quickhelp	zh_CN	ships	near	"保存"
quickhelp	zh_CN	absent	near	"保存为…"
quickhelp	zh_CN	ships	near	"创建标记"
quickhelp	zh_CN	ships	near	"删除轨道"
quickhelp	zh_CN	ships	near	"名称"
quickhelp	zh_CN	ships	near	"安装"
quickhelp	zh_CN	absent	near	"安装…"
quickhelp	zh_CN	ships	near	"开关轨道录音启用"
quickhelp	zh_CN	ships	near	"开始"
quickhelp	zh_CN	ships	near	"录音"
quickhelp	zh_CN	ships	near	"循环"
quickhelp	zh_CN	ships	near	"总线"
quickhelp	zh_CN	ships	near	"打开"
quickhelp	zh_CN	ships	near	"打开标记列表"
quickhelp	zh_CN	ships	near	"控制条"
quickhelp	zh_CN	ships	near	"播放"
quickhelp	zh_CN	absent	near	"播放头位置"
quickhelp	zh_CN	ships	near	"新外部 MIDI 轨道"
quickhelp	zh_CN	ships	near	"新建"
quickhelp	zh_CN	absent	near	"新建伴奏乐手 SI 轨道…"
quickhelp	zh_CN	ships	near	"新轨道"
quickhelp	zh_CN	ships	near	"新音频轨道"
quickhelp	zh_CN	absent	near	"旁通"
quickhelp	zh_CN	absent	near	"显示"
quickhelp	zh_CN	ships	near	"显示速度列表"
quickhelp	zh_CN	absent	near	"模式"
quickhelp	zh_CN	ships	near	"正常化"
quickhelp	zh_CN	absent	near	"立体声"
quickhelp	zh_CN	ships	near	"给轨道重新命名"
quickhelp	zh_CN	absent	near	"自动化"
quickhelp	zh_CN	absent	near	"节拍"
quickhelp	zh_CN	ships	near	"资源库"
quickhelp	zh_CN	absent	near	"轨道"
quickhelp	zh_CN	ships	near	"速度"
quickhelp	zh_CN	ships	near	"速度列表"
quickhelp	zh_CN	absent	near	"键盘命令"
quickhelp	zh_CN	ships	near	"长度"
quickhelp	zh_CN	ships	near	"静音"
quickhelp	zh_TW	ships	near	"Create Marker"
quickhelp	zh_TW	ships	near	"Delete"
quickhelp	zh_TW	ships	near	"Delete Track"
quickhelp	zh_TW	ships	near	"Fine"
quickhelp	zh_TW	ships	near	"Install"
quickhelp	zh_TW	absent	near	"Install…"
quickhelp	zh_TW	ships	near	"Key Command"
quickhelp	zh_TW	ships	near	"Length"
quickhelp	zh_TW	ships	near	"Library"
quickhelp	zh_TW	ships	near	"Mute"
quickhelp	zh_TW	ships	near	"Name"
quickhelp	zh_TW	ships	near	"New"
quickhelp	zh_TW	ships	near	"New Audio Track"
quickhelp	zh_TW	ships	near	"New External MIDI Track"
quickhelp	zh_TW	absent	near	"New Session Player SI Track…"
quickhelp	zh_TW	ships	near	"New Software Instrument Track"
quickhelp	zh_TW	ships	near	"New Track"
quickhelp	zh_TW	ships	near	"Normalize"
quickhelp	zh_TW	ships	near	"Open Marker List"
quickhelp	zh_TW	ships	near	"Position"
quickhelp	zh_TW	absent	near	"Position …"
quickhelp	zh_TW	absent	near	"Position…"
quickhelp	zh_TW	ships	near	"Record"
quickhelp	zh_TW	ships	near	"Rename Track"
quickhelp	zh_TW	ships	near	"Save"
quickhelp	zh_TW	absent	near	"Save As…"
quickhelp	zh_TW	ships	near	"Show Tempo List"
quickhelp	zh_TW	ships	near	"Start"
quickhelp	zh_TW	ships	near	"Stereo"
quickhelp	zh_TW	ships	near	"Tempo"
quickhelp	zh_TW	ships	near	"Tempo List"
quickhelp	zh_TW	ships	near	"Toggle Track Record Enable"
quickhelp	zh_TW	ships	near	"Tracks"
quickhelp	zh_TW	ships	near	"Undo"
strings	-	ships	near	"Delete"
strings	-	absent	near	"Edit"
strings	-	ships	near	"Name"
strings	de	ships	near	"Abbrechen"
strings	de	ships	near	"Ablage"
strings	de	ships	near	"Alle Plug-in-Fenster"
strings	de	ships	near	"Alle Spuren als Audiodateien …"
strings	de	ships	near	"Ansicht"
strings	de	ships	near	"Anzahl der Objekte"
strings	de	ships	near	"Anzeigemodus"
strings	de	ships	near	"Audio Units"
strings	de	absent	near	"Audio Units :"
strings	de	ships	near	"Audio Units:"
strings	de	ships	near	"Audiokanal"
strings	de	ships	near	"Aufnahme"
strings	de	ships	near	"Auswählen"
strings	de	ships	near	"Autopunch"
strings	de	ships	near	"Bearbeiten"
strings	de	ships	near	"Bedienoberflächen"
strings	de	ships	near	"Bedienoberflächen-Setup"
strings	de	ships	near	"Befehlstaste"
strings	de	ships	near	"Benutzt, Unbenutzt"
strings	de	ships	near	"Bewegen"
strings	de	ships	near	"Bibliothek"
strings	de	ships	near	"Bouncen"
strings	de	ships	near	"Cycle"
strings	de	ships	near	"E"
strings	de	ships	near	"Echtzeit"
strings	de	ships	near	"Editor"
strings	de	ships	near	"Eine Datei pro Spur"
strings	de	ships	near	"Einstellungen …"
strings	de	ships	near	"Einzählen"
strings	de	ships	near	"Ende"
strings	de	ships	near	"Erstellungsdatum"
strings	de	ships	near	"Erzeugen"
strings	de	ships	near	"Event-Position und Länge als Zeit einblenden"
strings	de	ships	near	"Exportieren"
strings	de	ships	near	"Fenster"
strings	de	ships	near	"Für Abspielposition"
strings	de	ships	near	"G"
strings	de	ships	near	"Gehe zu"
strings	de	ships	near	"Hinzufügen"
strings	de	absent	near	"Horizontal Zoom"
strings	de	ships	near	"Importieren"
strings	de	ships	near	"Informationen"
strings	de	absent	near	"Input Port"
strings	de	ships	near	"Input-Port"
strings	de	ships	near	"Installieren"
strings	de	ships	near	"Installieren …"
strings	de	ships	near	"Instrumentennamen"
strings	de	ships	near	"Kan."
strings	de	ships	near	"L"
strings	de	ships	near	"Leeres Projekt"
strings	de	ships	near	"Liste"
strings	de	ships	near	"Locator-Punkte setzen"
strings	de	ships	near	"Logic Pro"
strings	de	ships	near	"Länge"
strings	de	ships	near	"Länge/Info"
strings	de	ships	near	"Löschen"
strings	de	ships	near	"M"
strings	de	ships	near	"MIDI-Datei …"
strings	de	ships	near	"MIDI-Kanäle"
strings	de	ships	near	"Marker bearbeiten"
strings	de	ships	near	"Marker erzeugen"
strings	de	ships	near	"Marker-Liste öffnen"
strings	de	ships	near	"Menü"
strings	de	ships	near	"Metronom"
strings	de	ships	near	"Mixer"
strings	de	ships	near	"Modell"
strings	de	ships	near	"Mono"
strings	de	ships	near	"Mono->Stereo"
strings	de	ships	near	"Monokanäle"
strings	de	ships	near	"Mute"
strings	de	ships	near	"Name"
strings	de	ships	near	"Navigieren"
strings	de	ships	near	"Nein"
strings	de	ships	near	"Neu"
strings	de	ships	near	"Neue Audiospur"
strings	de	ships	near	"Neue Session Player SI-Spur …"
strings	de	ships	near	"Neue Spur"
strings	de	ships	near	"Neue Spur für Software-Instrument"
strings	de	ships	near	"Neue externe MIDI-Spur"
strings	de	ships	near	"Normalisieren"
strings	de	ships	near	"Num"
strings	de	ships	near	"OK"
strings	de	absent	near	"Off-line"
strings	de	ships	near	"Offline"
strings	de	ships	near	"Ordner"
strings	de	absent	near	"Output Port"
strings	de	ships	near	"Output-Kanal"
strings	de	ships	near	"Output-Port"
strings	de	ships	near	"Paket"
strings	de	ships	near	"Position"
strings	de	ships	near	"Position der Abspielposition"
strings	de	ships	near	"Position …"
strings	de	absent	near	"Position…"
strings	de	ships	near	"Preset"
strings	de	ships	near	"Projekt oder Abschnitt …"
strings	de	ships	near	"Rasterwert"
strings	de	ships	near	"Read"
strings	de	ships	near	"Region beginnt bei %@ und endet bei %@"
strings	de	ships	near	"Regionspfad:"
strings	de	ships	near	"S"
strings	de	ships	near	"Schlag"
strings	de	ships	near	"Schläge"
strings	de	ships	near	"Setup …"
strings	de	absent	near	"Setup…"
strings	de	ships	near	"Sichern"
strings	de	ships	near	"Sichern unter …"
strings	de	ships	near	"Solo"
strings	de	ships	near	"Spur"
strings	de	ships	near	"Spur löschen"
strings	de	ships	near	"Spur umbenennen"
strings	de	ships	near	"Spuren"
strings	de	ships	near	"Spuren sortieren nach"
strings	de	ships	near	"Spurname"
strings	de	ships	near	"Start"
strings	de	ships	near	"Status"
strings	de	absent	near	"Step Input Keyboard"
strings	de	ships	near	"Step-Input-Keyboard"
strings	de	ships	near	"Stereo"
strings	de	ships	near	"Steuerungsleiste"
strings	de	ships	near	"Takt"
strings	de	ships	near	"Tastenbeschriftung lernen"
strings	de	ships	near	"Tempo"
strings	de	ships	near	"Tempoliste"
strings	de	ships	near	"Tempoliste einblenden"
strings	de	ships	near	"Ton aus"
strings	de	ships	near	"Trk"
strings	de	ships	near	"Umgehen"
strings	de	ships	near	"Val"
strings	de	absent	near	"Val."
strings	de	ships	near	"Wiedergabe"
strings	de	ships	near	"Window"
strings	de	ships	near	"Wähle ein Projekt aus"
strings	de	ships	near	"Zu Position"
strings	de	ships	near	"bpm"
strings	de	ships	near	"geöffnet"
strings	de	ships	near	"off"
strings	de	ships	near	"output"
strings	en	ships	near	"Add"
strings	en	ships	near	"All Plug-in Windows"
strings	en	ships	near	"All Tracks as Audio Files…"
strings	en	ships	near	"Audio Channel"
strings	en	ships	near	"Audio Units"
strings	en	absent	near	"Audio Units :"
strings	en	ships	near	"Audio Units:"
strings	en	ships	near	"Autopunch"
strings	en	ships	near	"Bounce"
strings	en	ships	near	"Cancel"
strings	en	ships	near	"Ch"
strings	en	ships	near	"Choose"
strings	en	ships	near	"Choose a Project"
strings	en	ships	near	"Control Surface Setup"
strings	en	ships	near	"Control Surfaces"
strings	en	ships	near	"Controls"
strings	en	ships	near	"Count In"
strings	en	ships	near	"Create"
strings	en	ships	near	"Create Marker"
strings	en	ships	near	"Creation Date"
strings	en	ships	near	"Cycle"
strings	en	ships	near	"Default"
strings	en	ships	near	"Delete"
strings	en	ships	near	"Delete Track"
strings	en	ships	near	"Dual Mono"
strings	en	ships	near	"E"
strings	en	ships	near	"Edit"
strings	en	ships	near	"Edit Marker"
strings	en	ships	near	"Editor"
strings	en	ships	near	"Empty Project"
strings	en	ships	near	"End"
strings	en	ships	near	"Event Position and Length as Time"
strings	en	ships	near	"Export"
strings	en	ships	near	"File"
strings	en	ships	near	"Fine"
strings	en	ships	near	"Folder"
strings	en	ships	near	"G"
strings	en	ships	near	"Go To"
strings	en	ships	near	"Hide Mixer"
strings	en	ships	near	"Horizontal Zoom"
strings	en	ships	near	"Import"
strings	en	ships	near	"Input Port"
strings	en	absent	near	"Input-Port"
strings	en	ships	near	"Insert Plug-in in Channel Strip"
strings	en	absent	near	"Install"
strings	en	ships	near	"Install…"
strings	en	ships	near	"Instrument Names"
strings	en	ships	near	"Key Command"
strings	en	ships	near	"L"
strings	en	ships	near	"Length"
strings	en	ships	near	"Length/Info"
strings	en	ships	near	"Library"
strings	en	ships	near	"Logic Pro"
strings	en	ships	near	"M"
strings	en	ships	near	"MIDI Channels"
strings	en	ships	near	"MIDI File…"
strings	en	ships	near	"Menu"
strings	en	ships	near	"Mixer"
strings	en	ships	near	"Model"
strings	en	ships	near	"Mono"
strings	en	ships	near	"Mono->Stereo"
strings	en	ships	near	"Move"
strings	en	ships	near	"Mute"
strings	en	ships	near	"Name"
strings	en	ships	near	"Navigate"
strings	en	ships	near	"New"
strings	en	ships	near	"New Audio Track"
strings	en	ships	near	"New External MIDI Track"
strings	en	ships	near	"New Session Player SI Track…"
strings	en	ships	near	"New Software Instrument Track"
strings	en	ships	near	"New Track"
strings	en	ships	near	"No"
strings	en	ships	near	"Normalize"
strings	en	ships	near	"Num"
strings	en	ships	near	"Number of Items"
strings	en	ships	near	"OK"
strings	en	ships	near	"Open Marker List"
strings	en	ships	near	"Output Channel"
strings	en	ships	near	"Output Port"
strings	en	absent	near	"Output-Port"
strings	en	ships	near	"Position"
strings	en	absent	near	"Position …"
strings	en	ships	near	"Position…"
strings	en	ships	near	"Preset"
strings	en	absent	near	"Project or Section..."
strings	en	ships	near	"Project or Section…"
strings	en	ships	near	"Read"
strings	en	ships	near	"Record"
strings	en	ships	near	"Record Enable"
strings	en	ships	near	"Region Path"
strings	en	ships	near	"Region starts at %@ and ends at %@"
strings	en	ships	near	"Rename Track"
strings	en	ships	near	"S"
strings	en	ships	near	"Save"
strings	en	ships	near	"Save As…"
strings	en	ships	near	"Set Locators"
strings	en	absent	near	"Set Locators…"
strings	en	ships	near	"Settings…"
strings	en	absent	near	"Setup …"
strings	en	ships	near	"Setup…"
strings	en	ships	near	"Show Mixer"
strings	en	ships	near	"Show Tempo List"
strings	en	ships	near	"Solo"
strings	en	ships	near	"Sort Tracks by"
strings	en	ships	near	"Start"
strings	en	ships	near	"Status"
strings	en	ships	near	"Step Input Keyboard"
strings	en	absent	near	"Step-Input-Keyboard"
strings	en	ships	near	"Stereo"
strings	en	ships	near	"Tempo"
strings	en	ships	near	"Tempo List"
strings	en	ships	near	"To Playhead"
strings	en	ships	near	"Toggle Track Record Enable"
strings	en	ships	near	"Track"
strings	en	ships	near	"Track Name"
strings	en	ships	near	"Tracks"
strings	en	ships	near	"Trk"
strings	en	ships	near	"Undo"
strings	en	ships	near	"Used, Unused"
strings	en	ships	near	"Val"
strings	en	absent	near	"Val."
strings	en	ships	near	"View"
strings	en	ships	near	"Window"
strings	en	ships	near	"audio plug-in"
strings	en	ships	near	"automation"
strings	en	ships	near	"bar"
strings	en	ships	near	"beat"
strings	en	ships	near	"beats"
strings	en	ships	near	"bpm"
strings	en	ships	near	"bus"
strings	en	ships	near	"bypass"
strings	en	ships	near	"channel mode"
strings	en	ships	near	"division"
strings	en	ships	near	"fader"
strings	en	ships	near	"forward"
strings	en	ships	near	"group"
strings	en	ships	near	"input"
strings	en	ships	near	"instrument"
strings	en	ships	near	"list"
strings	en	ships	near	"loop"
strings	en	ships	near	"master"
strings	en	ships	near	"metronome"
strings	en	ships	near	"mixer"
strings	en	ships	near	"mute"
strings	en	ships	near	"off"
strings	en	ships	near	"open"
strings	en	ships	near	"output"
strings	en	ships	near	"pan"
strings	en	ships	near	"play"
strings	en	ships	near	"record"
strings	en	ships	near	"setting"
strings	en	ships	near	"solo"
strings	en	ships	near	"stop"
strings	en	ships	near	"tick"
strings	en	ships	near	"tracks"
strings	en	ships	near	"volume"
strings	es	ships	near	"Abrir lista de marcadores"
strings	es	ships	near	"Aceptar"
strings	es	ships	near	"Activar/desactivar grabación de pista"
strings	es	ships	near	"Ajustes…"
strings	es	ships	near	"Al cursor de reproducción"
strings	es	ships	near	"Aprender por etiqueta"
strings	es	ships	near	"Archivo"
strings	es	ships	near	"Archivo MIDI…"
strings	es	ships	near	"Audio Units"
strings	es	absent	near	"Audio Units :"
strings	es	ships	near	"Audio Units:"
strings	es	ships	near	"Añadir"
strings	es	ships	near	"Barra de controles"
strings	es	ships	near	"Biblioteca"
strings	es	ships	near	"Bounce"
strings	es	ships	near	"Can."
strings	es	ships	near	"Canal"
strings	es	ships	near	"Canal de audio"
strings	es	ships	near	"Canal de salida"
strings	es	ships	near	"Canales MIDI"
strings	es	ships	near	"Cancelar"
strings	es	ships	near	"Carpeta"
strings	es	ships	near	"Ciclo"
strings	es	ships	near	"Comando de teclado"
strings	es	ships	near	"Compás de entrada"
strings	es	ships	near	"Configuración de superficies de control"
strings	es	ships	near	"Configuración…"
strings	es	ships	near	"Crear marcador"
strings	es	ships	near	"Edición"
strings	es	ships	near	"Editar"
strings	es	ships	near	"Editor"
strings	es	ships	near	"El pasaje comienza en %@ y termina en %@"
strings	es	ships	near	"Eliminar pista"
strings	es	ships	near	"En uso, Sin usar"
strings	es	ships	near	"Estado"
strings	es	ships	near	"Estéreo"
strings	es	ships	near	"Evento"
strings	es	ships	near	"Exportar"
strings	es	ships	near	"Fecha de creación"
strings	es	ships	near	"Fijar localizadores"
strings	es	ships	near	"Fin"
strings	es	ships	near	"Guardar"
strings	es	ships	near	"Guardar como…"
strings	es	ships	near	"Importar"
strings	es	ships	near	"Iniciar"
strings	es	ships	near	"Inicio"
strings	es	ships	near	"Instalar"
strings	es	ships	near	"Instalar…"
strings	es	ships	near	"Ir a"
strings	es	ships	near	"Ir a la posición"
strings	es	ships	near	"L"
strings	es	ships	near	"Logic Pro"
strings	es	ships	near	"Longitud/info"
strings	es	ships	near	"M"
strings	es	ships	near	"Marcador"
strings	es	ships	near	"Menú"
strings	es	ships	near	"Metrónomo"
strings	es	ships	near	"Mezclador"
strings	es	ships	near	"Modelo"
strings	es	ships	near	"Modo de visualización"
strings	es	ships	near	"Mono"
strings	es	ships	near	"Mono dual"
strings	es	ships	near	"Mono->Estéreo"
strings	es	ships	near	"Mostrar lista de tempo"
strings	es	ships	near	"Navegar"
strings	es	ships	near	"No"
strings	es	ships	near	"Nombre"
strings	es	ships	near	"Nombre de pista"
strings	es	ships	near	"Nombres de instrumento"
strings	es	ships	near	"Normalizar"
strings	es	ships	near	"Nueva"
strings	es	ships	near	"Nueva pista"
strings	es	ships	near	"Nueva pista MIDI externa"
strings	es	ships	near	"Nueva pista SI de Session Player…"
strings	es	ships	near	"Nueva pista de audio"
strings	es	ships	near	"Nueva pista de instrumento de software"
strings	es	ships	near	"Nuevo"
strings	es	absent	near	"Núm"
strings	es	ships	near	"Núm."
strings	es	ships	near	"Número de ítems"
strings	es	ships	near	"OK"
strings	es	ships	near	"Ordenar pistas por"
strings	es	ships	near	"Paquete"
strings	es	ships	near	"Pasaje"
strings	es	ships	near	"Pista"
strings	es	ships	near	"Pistas"
strings	es	ships	near	"Posición"
strings	es	ships	near	"Posición del cursor de reproducción"
strings	es	ships	near	"Posición y longitud del evento como tiempo"
strings	es	ships	near	"Posición…"
strings	es	ships	near	"Proyecto vacío"
strings	es	ships	near	"Puerto de entrada"
strings	es	ships	near	"Puerto de salida"
strings	es	ships	near	"Read"
strings	es	ships	near	"Renombrar pista"
strings	es	ships	near	"Ritmo"
strings	es	ships	near	"Ruta del pasaje"
strings	es	ships	near	"S"
strings	es	ships	near	"Seleccionar"
strings	es	ships	near	"Seleccionar un proyecto"
strings	es	ships	near	"Silenciar"
strings	es	ships	near	"Sin conexión"
strings	es	ships	near	"Solo"
strings	es	ships	near	"Superficies de control"
strings	es	ships	near	"Suprimir"
strings	es	ships	near	"Teclado de introducción por pasos"
strings	es	ships	near	"Tempo"
strings	es	ships	near	"Tiempo"
strings	es	ships	near	"Tiempo real"
strings	es	ships	near	"Todas las pistas como archivos de audio…"
strings	es	ships	near	"Todas las ventanas de módulos"
strings	es	ships	near	"Trasladar"
strings	es	ships	near	"UTILIDADES"
strings	es	ships	near	"Un archivo por pista"
strings	es	absent	near	"Val"
strings	es	ships	near	"Val."
strings	es	ships	near	"Ventana"
strings	es	ships	near	"Vista"
strings	es	ships	near	"Visualización"
strings	es	ships	near	"Window"
strings	es	ships	near	"abrir"
strings	es	ships	near	"automatización"
strings	es	ships	near	"bpm"
strings	es	ships	near	"bus"
strings	es	ships	near	"compás"
strings	es	ships	near	"creación"
strings	es	ships	near	"desactivar"
strings	es	ships	near	"división"
strings	es	ships	near	"duración"
strings	es	ships	near	"edición de marcador"
strings	es	ships	near	"fader"
strings	es	ships	near	"grabar"
strings	es	ships	near	"lista"
strings	es	ships	near	"loop"
strings	es	ships	near	"master"
strings	es	ships	near	"metronome"
strings	es	ships	near	"mixer"
strings	es	ships	near	"off"
strings	es	ships	near	"output"
strings	es	ships	near	"reproducir"
strings	es	ships	near	"solo"
strings	es	ships	near	"tiempos"
strings	fr	ships	near	"Activer/Désactiver l’enregistrement sur piste"
strings	fr	ships	near	"Afficher la liste du tempo"
strings	fr	ships	near	"Ajouter"
strings	fr	ships	near	"Aller à"
strings	fr	ships	near	"Aller à la position"
strings	fr	ships	near	"Annuler"
strings	fr	ships	near	"Apprendre par nom de touche"
strings	fr	ships	near	"Audio Units"
strings	fr	ships	near	"Audio Units :"
strings	fr	absent	near	"Audio Units:"
strings	fr	ships	near	"Autopunch"
strings	fr	ships	near	"Barre des commandes"
strings	fr	ships	near	"Bibliothèque"
strings	fr	ships	near	"Bounce"
strings	fr	ships	near	"Ca."
strings	fr	ships	near	"Canal"
strings	fr	ships	near	"Canal audio"
strings	fr	ships	near	"Canal de sortie"
strings	fr	ships	near	"Canaux MIDI"
strings	fr	ships	near	"Chemin de la région"
strings	fr	ships	near	"Choisir"
strings	fr	ships	near	"Choisir un projet"
strings	fr	ships	near	"Clavier d’entrée pas à pas"
strings	fr	ships	near	"Configuration de la surface de contrôle"
strings	fr	ships	near	"Configuration…"
strings	fr	ships	near	"Créer"
strings	fr	ships	near	"Créer un marqueur"
strings	fr	ships	near	"Cycle"
strings	fr	ships	near	"Date de création"
strings	fr	ships	near	"Dossier"
strings	fr	ships	near	"Durée"
strings	fr	ships	near	"Durée/Infos"
strings	fr	ships	near	"Décompte"
strings	fr	ships	near	"Déconnecté"
strings	fr	ships	near	"Départ"
strings	fr	ships	near	"Déplacer"
strings	fr	ships	near	"Enregistrer"
strings	fr	ships	near	"Enregistrer sous…"
strings	fr	ships	near	"Exporter"
strings	fr	ships	near	"Fenêtre"
strings	fr	ships	near	"Fichier"
strings	fr	ships	near	"Fichier MIDI…"
strings	fr	absent	near	"File"
strings	fr	ships	near	"Fin"
strings	fr	ships	near	"G"
strings	fr	ships	near	"Importer"
strings	fr	ships	near	"Inspecteur"
strings	fr	ships	near	"Installer"
strings	fr	ships	near	"Installer…"
strings	fr	ships	near	"La région commence à %@ et se termine à %@"
strings	fr	ships	near	"Logic Pro"
strings	fr	ships	near	"M"
strings	fr	ships	near	"Marqueur"
strings	fr	ships	near	"Menu"
strings	fr	ships	near	"Mode d’affichage"
strings	fr	ships	near	"Modifier le marqueur"
strings	fr	ships	near	"Modèle"
strings	fr	ships	near	"Mono"
strings	fr	ships	near	"Mono dual"
strings	fr	ships	near	"Mono->Stéréo"
strings	fr	ships	near	"Muet"
strings	fr	ships	near	"Métronome"
strings	fr	ships	near	"Naviguer"
strings	fr	ships	near	"Nom"
strings	fr	ships	near	"Nom de la piste"
strings	fr	ships	near	"Nombre"
strings	fr	ships	near	"Nombre d’éléments"
strings	fr	ships	near	"Noms des instruments"
strings	fr	ships	near	"Non"
strings	fr	ships	near	"Normaliser"
strings	fr	ships	near	"Nouveau"
strings	fr	ships	near	"Nouvelle piste"
strings	fr	ships	near	"Nouvelle piste MIDI externe"
strings	fr	ships	near	"Nouvelle piste SI Session Player…"
strings	fr	ships	near	"Nouvelle piste audio"
strings	fr	ships	near	"Nouvelle piste d’instrument logiciel"
strings	fr	ships	near	"OK"
strings	fr	ships	near	"Ouvrir la liste des marqueurs"
strings	fr	ships	near	"Paquet"
strings	fr	ships	near	"Piste"
strings	fr	ships	near	"Pistes"
strings	fr	ships	near	"Placer les locators"
strings	fr	ships	near	"Port de sortie"
strings	fr	ships	near	"Port d’entrée"
strings	fr	ships	near	"Position"
strings	fr	ships	near	"Position de la tête de lecture"
strings	fr	ships	near	"Position et durée de l’évènement sous forme de temps"
strings	fr	absent	near	"Position …"
strings	fr	ships	near	"Position…"
strings	fr	ships	near	"Projet vide"
strings	fr	ships	near	"Présentation"
strings	fr	ships	near	"Raccourci clavier"
strings	fr	ships	near	"Read"
strings	fr	ships	near	"Renommer la piste"
strings	fr	ships	near	"Région"
strings	fr	ships	near	"Réglages…"
strings	fr	ships	near	"S"
strings	fr	ships	near	"Solo"
strings	fr	ships	near	"Stéréo"
strings	fr	ships	near	"Supprimer"
strings	fr	ships	near	"Supprimer la piste"
strings	fr	ships	near	"Surfaces de contrôle"
strings	fr	ships	near	"Table de mixage"
strings	fr	ships	near	"Tempo"
strings	fr	ships	near	"Temps"
strings	fr	ships	near	"Temps réel"
strings	fr	ships	near	"Toutes les fenêtres de module"
strings	fr	ships	near	"Toutes les pistes en fichiers audio…"
strings	fr	ships	near	"Trier les pistes par"
strings	fr	ships	near	"UTILITAIRE"
strings	fr	ships	near	"Un fichier par piste"
strings	fr	ships	near	"Utilisé/Inutilisé"
strings	fr	ships	near	"Valeur"
strings	fr	ships	near	"Vers la tête de lecture"
strings	fr	ships	near	"Window"
strings	fr	ships	near	"automation"
strings	fr	ships	near	"bpm"
strings	fr	ships	near	"bus"
strings	fr	ships	near	"division"
strings	fr	ships	near	"enregistrer"
strings	fr	ships	near	"inactif"
strings	fr	ships	near	"instrument"
strings	fr	ships	near	"lecture"
strings	fr	ships	near	"master"
strings	fr	ships	near	"mesure"
strings	fr	ships	near	"off"
strings	fr	ships	near	"output"
strings	fr	ships	near	"ouvrir"
strings	fr	ships	near	"pan"
strings	fr	ships	near	"solo"
strings	fr	ships	near	"temps"
strings	fr	ships	near	"volume"
strings	fr	ships	near	"Éditeur"
strings	fr	ships	near	"Édition"
strings	fr	ships	near	"État"
strings	fr	ships	near	"Évènement"
strings	it	ships	near	"Add"
strings	it	ships	near	"Aggiungi"
strings	it	ships	near	"Annulla"
strings	it	ships	near	"Apprendi da etichetta tasto"
strings	it	ships	near	"Apri elenco marcatori"
strings	it	ships	near	"Assolo"
strings	it	ships	near	"Audio Units"
strings	it	absent	near	"Audio Units :"
strings	it	ships	near	"Audio Units:"
strings	it	ships	near	"Barra di controllo"
strings	it	ships	near	"Battito"
strings	it	ships	near	"Bounce"
strings	it	ships	near	"Canale"
strings	it	ships	near	"Canale audio"
strings	it	ships	near	"Canale di uscita"
strings	it	ships	near	"Canali MIDI"
strings	it	ships	near	"Cartella"
strings	it	ships	near	"Ciclo"
strings	it	ships	near	"Comando da tastiera"
strings	it	ships	near	"Configurazione superfici di controllo"
strings	it	ships	near	"Configurazione…"
strings	it	ships	near	"Crea"
strings	it	ships	near	"Crea marcatore"
strings	it	ships	near	"Data di creazione"
strings	it	ships	near	"Default"
strings	it	ships	near	"Editor"
strings	it	ships	near	"Elimina"
strings	it	ships	near	"Elimina traccia"
strings	it	ships	near	"Esporta"
strings	it	ships	near	"Evento"
strings	it	ships	near	"File"
strings	it	ships	near	"File MIDI…"
strings	it	ships	near	"Fine"
strings	it	ships	near	"Finestra"
strings	it	ships	near	"Importa"
strings	it	ships	near	"Imposta localizzatori"
strings	it	ships	near	"Impostazioni…"
strings	it	ships	near	"In tempo reale"
strings	it	ships	near	"Inizio"
strings	it	ships	near	"Inizio regione: %@; fine regione: %@"
strings	it	ships	near	"Installa"
strings	it	ships	near	"Installa…"
strings	it	ships	near	"Logic Pro"
strings	it	ships	near	"Lunghezza"
strings	it	ships	near	"Lunghezza/informazioni"
strings	it	ships	near	"M"
strings	it	ships	near	"Marcatore"
strings	it	ships	near	"Menu"
strings	it	ships	near	"Metronomo"
strings	it	ships	near	"Mixer"
strings	it	ships	near	"Modalità di visualizzazione"
strings	it	ships	near	"Modello"
strings	it	ships	near	"Modifica"
strings	it	ships	near	"Modifica marcatore"
strings	it	ships	near	"Mono"
strings	it	ships	near	"Mono->Stereo"
strings	it	ships	near	"Mostra “Elenco ritmo”"
strings	it	ships	near	"Muto"
strings	it	ships	near	"Navigazione"
strings	it	ships	near	"No"
strings	it	ships	near	"Nome"
strings	it	ships	near	"Nome traccia"
strings	it	ships	near	"Normalizza"
strings	it	ships	near	"Num"
strings	it	ships	near	"Numero di elementi"
strings	it	ships	near	"Nuova traccia"
strings	it	ships	near	"Nuova traccia MIDI esterno"
strings	it	ships	near	"Nuova traccia SI Session Player…"
strings	it	ships	near	"Nuova traccia audio"
strings	it	ships	near	"Nuova traccia di strumento software"
strings	it	ships	near	"Nuovo"
strings	it	ships	near	"OK"
strings	it	absent	near	"Off-line"
strings	it	ships	near	"Offline"
strings	it	ships	near	"Ordina tracce per"
strings	it	ships	near	"Pacchetto"
strings	it	ships	near	"Percorso regione"
strings	it	absent	near	"Pista"
strings	it	ships	near	"Piste"
strings	it	ships	near	"Porta di ingresso"
strings	it	ships	near	"Porta di uscita"
strings	it	ships	near	"Posizione"
strings	it	ships	near	"Posizione e durata evento come tempo"
strings	it	ships	near	"Posizione testina di riproduzione"
strings	it	ships	near	"Posizione…"
strings	it	ships	near	"Precount"
strings	it	ships	near	"Preset"
strings	it	ships	near	"Progetto vuoto"
strings	it	ships	near	"Read"
strings	it	ships	near	"Regione"
strings	it	ships	near	"Rinomina traccia"
strings	it	ships	near	"Ritmo"
strings	it	ships	near	"S"
strings	it	ships	near	"Salva"
strings	it	ships	near	"Salva come…"
strings	it	ships	near	"Scegli"
strings	it	ships	near	"Scegli un progetto"
strings	it	ships	near	"Solo"
strings	it	ships	near	"Sposta"
strings	it	ships	near	"Stato"
strings	it	ships	near	"Stereo"
strings	it	ships	near	"Sulla testina di riproduzione"
strings	it	ships	near	"Superfici di controllo"
strings	it	ships	near	"Tempo"
strings	it	ships	near	"Tracce"
strings	it	ships	near	"Traccia"
strings	it	ships	near	"Trc"
strings	it	ships	near	"Tutte le tracce come file audio…"
strings	it	ships	near	"Un file per traccia"
strings	it	ships	near	"Usate, non usate"
strings	it	ships	near	"Vai a"
strings	it	ships	near	"Vai a posizione"
strings	it	ships	near	"Val"
strings	it	absent	near	"Val."
strings	it	ships	near	"Vista"
strings	it	ships	near	"Window"
strings	it	ships	near	"apri"
strings	it	ships	near	"automazione"
strings	it	ships	near	"battiti"
strings	it	ships	near	"bpm"
strings	it	ships	near	"bus"
strings	it	ships	near	"divisione"
strings	it	ships	near	"elenco"
strings	it	ships	near	"fader"
strings	it	ships	near	"ignora"
strings	it	ships	near	"inspector"
strings	it	ships	near	"libreria"
strings	it	ships	near	"loop"
strings	it	ships	near	"master"
strings	it	ships	near	"misura"
strings	it	ships	near	"mixer"
strings	it	ships	near	"nomi strumenti"
strings	it	ships	near	"off"
strings	it	ships	near	"output"
strings	it	ships	near	"panning"
strings	it	ships	near	"registra"
strings	it	ships	near	"riproduci"
strings	it	ships	near	"tastiera di inserimento step"
strings	it	ships	near	"tick"
strings	it	ships	near	"tutte le finestre dei plugin"
strings	it	ships	near	"volume"
strings	ja	absent	near	"- マーカーリスト"
strings	ja	ships	near	"Audio Units"
strings	ja	absent	near	"Audio Units :"
strings	ja	ships	near	"Audio Units:"
strings	ja	ships	near	"Ch"
strings	ja	ships	near	"Controls"
strings	ja	ships	near	"Delete"
strings	ja	ships	near	"E"
strings	ja	ships	near	"End"
strings	ja	ships	near	"G"
strings	ja	ships	near	"L"
strings	ja	ships	near	"Logic Pro"
strings	ja	ships	near	"M"
strings	ja	ships	near	"MIDIチャンネル"
strings	ja	ships	near	"MIDIファイル…"
strings	ja	ships	near	"OK"
strings	ja	ships	near	"Read"
strings	ja	ships	near	"S"
strings	ja	ships	near	"Trk"
strings	ja	ships	near	"Window"
strings	ja	ships	near	"bar"
strings	ja	ships	near	"beat"
strings	ja	ships	near	"bpm"
strings	ja	ships	near	"master"
strings	ja	ships	near	"off"
strings	ja	ships	near	"output"
strings	ja	ships	near	"tick"
strings	ja	ships	near	"いいえ"
strings	ja	ships	near	"すべてのトラックをオーディオファイルとして…"
strings	ja	ships	near	"すべてのプラグインウインドウ"
strings	ja	ships	near	"イベント"
strings	ja	ships	near	"イベントの位置と長さを時間で表示"
strings	ja	ships	near	"インストール"
strings	ja	ships	near	"インストール…"
strings	ja	ships	near	"インスペクタ"
strings	ja	ships	near	"ウインドウ"
strings	ja	ships	near	"エディタ"
strings	ja	ships	near	"オフ"
strings	ja	ships	near	"オフライン"
strings	ja	ships	near	"オーディオ"
strings	ja	ships	near	"オーディオチャンネル"
strings	ja	ships	near	"オーディオプラグイン"
strings	ja	ships	near	"オートメーション"
strings	ja	ships	near	"カウントイン"
strings	ja	ships	near	"キャンセル"
strings	ja	ships	near	"キーのラベルで登録"
strings	ja	ships	near	"キーコマンド"
strings	ja	ships	near	"コンテンツ"
strings	ja	ships	near	"コントロールサーフェス"
strings	ja	ships	near	"コントロールサーフェス設定"
strings	ja	ships	near	"コントロールバー"
strings	ja	ships	near	"サイクル"
strings	ja	ships	near	"ステップインプットキーボード"
strings	ja	ships	near	"ステレオ"
strings	ja	ships	near	"セル"
strings	ja	ships	near	"ソロ"
strings	ja	ships	near	"テンポ"
strings	ja	ships	near	"テンポリスト"
strings	ja	ships	near	"テンポリストを表示"
strings	ja	ships	near	"ディビジョン"
strings	ja	ships	near	"デュアルモノ"
strings	ja	ships	near	"トラック"
strings	ja	ships	near	"トラックごとに1ファイル"
strings	ja	ships	near	"トラックを並べ替える"
strings	ja	ships	near	"トラックを削除"
strings	ja	ships	near	"トラック名"
strings	ja	ships	near	"トラック名を変更"
strings	ja	ships	near	"ノーマライズ"
strings	ja	ships	near	"バイパス"
strings	ja	ships	near	"バウンス"
strings	ja	ships	near	"バス"
strings	ja	ships	near	"パッケージ"
strings	ja	ships	near	"パン"
strings	ja	ships	near	"ビート"
strings	ja	ships	near	"ファイル"
strings	ja	ships	near	"フォルダ"
strings	ja	ships	near	"プロジェクトまたは選択範囲…"
strings	ja	ships	near	"プロジェクトを選択"
strings	ja	ships	near	"ボリューム"
strings	ja	ships	near	"ポジション"
strings	ja	ships	near	"マーカー"
strings	ja	ships	near	"マーカーを作成"
strings	ja	ships	near	"マーカーを編集"
strings	ja	ships	near	"マーカーリストを開く"
strings	ja	ships	near	"ミキサー"
strings	ja	ships	near	"ミュート"
strings	ja	ships	near	"メトロノーム"
strings	ja	ships	near	"メトロノームクリック"
strings	ja	ships	near	"メニュー"
strings	ja	ships	near	"モデル"
strings	ja	ships	near	"モノラル"
strings	ja	ships	near	"モノラル->ステレオ"
strings	ja	ships	near	"ユーティリティ"
strings	ja	ships	near	"ライブラリ"
strings	ja	ships	near	"リアルタイム"
strings	ja	ships	near	"リスト"
strings	ja	ships	near	"リージョン"
strings	ja	ships	near	"リージョンの開始位置は%@、終了位置は%@です"
strings	ja	ships	near	"リージョンパス"
strings	ja	ships	near	"ロケータを設定"
strings	ja	ships	near	"位置"
strings	ja	ships	near	"位置…"
strings	ja	ships	near	"位置の移動"
strings	ja	ships	near	"作成"
strings	ja	ships	near	"作成日"
strings	ja	ships	near	"使用、不使用"
strings	ja	ships	near	"保存"
strings	ja	ships	near	"値"
strings	ja	ships	near	"入力ポート"
strings	ja	ships	near	"再生"
strings	ja	ships	near	"再生ヘッドの位置"
strings	ja	ships	near	"再生ヘッド位置に"
strings	ja	ships	near	"出力チャンネル"
strings	ja	ships	near	"出力ポート"
strings	ja	ships	near	"別名で保存…"
strings	ja	ships	near	"削除"
strings	ja	ships	near	"名前"
strings	ja	ships	near	"小節"
strings	ja	ships	near	"左"
strings	ja	ships	near	"拍"
strings	ja	ships	near	"新規"
strings	ja	ships	near	"新規Session Playerソフトウェア音源トラック…"
strings	ja	ships	near	"新規オーディオトラック"
strings	ja	ships	near	"新規ソフトウェア音源トラック"
strings	ja	ships	near	"新規トラック"
strings	ja	ships	near	"新規外部MIDIトラック"
strings	ja	ships	near	"書き出す"
strings	ja	ships	near	"横方向にズーム"
strings	ja	ships	near	"状況"
strings	ja	ships	near	"番号"
strings	ja	ships	near	"移動"
strings	ja	ships	near	"空のプロジェクト"
strings	ja	ships	near	"終了"
strings	ja	ships	near	"編集"
strings	ja	ships	near	"表示"
strings	ja	ships	near	"表示モード"
strings	ja	ships	near	"設定…"
strings	ja	ships	near	"読み込む"
strings	ja	ships	near	"追加"
strings	ja	ships	near	"速度"
strings	ja	ships	near	"選択"
strings	ja	ships	near	"録音"
strings	ja	ships	near	"長さ"
strings	ja	ships	near	"長さ/情報"
strings	ja	ships	near	"開く"
strings	ja	ships	near	"開始"
strings	ja	ships	near	"音源名"
strings	ja	ships	near	"項目数"
strings	ko	absent	near	"- 마커 목록"
strings	ko	ships	near	"Audio Units"
strings	ko	absent	near	"Audio Units :"
strings	ko	ships	near	"Audio Units:"
strings	ko	ships	near	"E"
strings	ko	ships	near	"G"
strings	ko	ships	near	"L"
strings	ko	ships	near	"Logic Pro"
strings	ko	ships	near	"M"
strings	ko	ships	near	"MIDI 채널"
strings	ko	ships	near	"MIDI 파일…"
strings	ko	ships	near	"Mute"
strings	ko	ships	near	"S"
strings	ko	ships	near	"Solo"
strings	ko	ships	near	"Window"
strings	ko	ships	near	"bpm"
strings	ko	ships	near	"master"
strings	ko	ships	near	"off"
strings	ko	ships	near	"output"
strings	ko	ships	near	"가져오기"
strings	ko	ships	near	"값"
strings	ko	ships	near	"그룹"
strings	ko	ships	near	"기본"
strings	ko	ships	near	"길이"
strings	ko	ships	near	"길이/정보"
strings	ko	ships	near	"끔"
strings	ko	ships	near	"내보내기"
strings	ko	ships	near	"노멀라이즈"
strings	ko	ships	near	"녹음"
strings	ko	ships	near	"녹음 활성화"
strings	ko	ships	near	"듀얼 모노"
strings	ko	ships	near	"디비전"
strings	ko	ships	near	"라이브러리"
strings	ko	ships	near	"래치"
strings	ko	ships	near	"로케이터 설정"
strings	ko	absent	near	"로케이터 설정…"
strings	ko	ships	near	"루프 브라우저"
strings	ko	ships	near	"리전"
strings	ko	ships	near	"리전 경로"
strings	ko	ships	near	"리전은 %@에서 시작하여 %@에서 끝납니다."
strings	ko	ships	near	"마디"
strings	ko	ships	near	"마커"
strings	ko	ships	near	"마커 목록 열기"
strings	ko	ships	near	"마커 생성"
strings	ko	ships	near	"마커 편집"
strings	ko	ships	near	"메뉴"
strings	ko	ships	near	"메트로놈"
strings	ko	ships	near	"모노"
strings	ko	ships	near	"모노->스테레오"
strings	ko	ships	near	"모니터링"
strings	ko	ships	near	"모델"
strings	ko	ships	near	"모든 트랙을 오디오 파일로…"
strings	ko	ships	near	"모든 플러그인 윈도우"
strings	ko	ships	near	"목록"
strings	ko	ships	near	"믹서"
strings	ko	ships	near	"믹서 보기"
strings	ko	ships	near	"바운스"
strings	ko	ships	near	"바이패스"
strings	ko	ships	near	"밸런스"
strings	ko	ships	near	"버스"
strings	ko	ships	near	"번호"
strings	ko	ships	near	"별도 저장…"
strings	ko	ships	near	"보기"
strings	ko	ships	near	"볼륨"
strings	ko	ships	near	"비어 있는 프로젝트"
strings	ko	ships	near	"비트"
strings	ko	ships	near	"사용 여부"
strings	ko	ships	near	"사이클"
strings	ko	ships	near	"삭제"
strings	ko	ships	near	"상태"
strings	ko	ships	near	"새로운 Session Player SI 트랙…"
strings	ko	ships	near	"새로운 소프트웨어 악기 트랙"
strings	ko	ships	near	"새로운 오디오 트랙"
strings	ko	ships	near	"새로운 외부 MIDI 트랙"
strings	ko	ships	near	"새로운 트랙"
strings	ko	ships	near	"생성"
strings	ko	ships	near	"생성일"
strings	ko	ships	near	"선택"
strings	ko	ships	near	"설정"
strings	ko	ships	near	"설정…"
strings	ko	ships	near	"설치"
strings	ko	ships	near	"설치…"
strings	ko	ships	near	"센드"
strings	ko	ships	near	"셀"
strings	ko	ships	near	"솔로"
strings	ko	ships	near	"스테레오"
strings	ko	ships	near	"스텝 입력 키보드"
strings	ko	ships	near	"시작"
strings	ko	ships	near	"신규"
strings	ko	ships	near	"실시간"
strings	ko	ships	near	"실행 취소"
strings	ko	ships	near	"쓰기"
strings	ko	ships	near	"아니요"
strings	ko	ships	near	"악기"
strings	ko	ships	near	"악기 이름"
strings	ko	ships	near	"열기"
strings	ko	ships	near	"오디오"
strings	ko	ships	near	"오디오 이펙트"
strings	ko	ships	near	"오디오 채널"
strings	ko	ships	near	"오디오 플러그인"
strings	ko	ships	near	"오토메이션"
strings	ko	ships	near	"오프라인"
strings	ko	ships	near	"위치"
strings	ko	ships	near	"위치…"
strings	ko	ships	near	"위치로 이동"
strings	ko	ships	near	"윈도우"
strings	ko	ships	near	"유틸리티"
strings	ko	ships	near	"음소거"
strings	ko	ships	near	"이동"
strings	ko	ships	near	"이름"
strings	ko	ships	near	"이름 변경"
strings	ko	ships	near	"이벤트"
strings	ko	ships	near	"이벤트 위치 및 길이를 시간으로"
strings	ko	ships	near	"인스펙터"
strings	ko	ships	near	"읽기"
strings	ko	ships	near	"입력"
strings	ko	ships	near	"입력 포트"
strings	ko	ships	near	"재생"
strings	ko	ships	near	"재생헤드 썸네일"
strings	ko	ships	near	"재생헤드 위치"
strings	ko	ships	near	"재생헤드 캐치"
strings	ko	ships	near	"재생헤드로"
strings	ko	ships	near	"저장"
strings	ko	ships	near	"종료"
strings	ko	ships	near	"채널"
strings	ko	ships	near	"채널 모드"
strings	ko	ships	near	"추가"
strings	ko	ships	near	"출력"
strings	ko	ships	near	"출력 채널"
strings	ko	ships	near	"출력 포트"
strings	ko	ships	near	"취소"
strings	ko	ships	near	"카운트 인"
strings	ko	ships	near	"컨트롤"
strings	ko	ships	near	"컨트롤 막대"
strings	ko	ships	near	"컨트롤 서피스"
strings	ko	ships	near	"컨트롤 서피스 설정"
strings	ko	ships	near	"콘텐츠"
strings	ko	ships	near	"키 레이블로 학습"
strings	ko	ships	near	"키 명령"
strings	ko	ships	near	"탐색"
strings	ko	ships	near	"터치"
strings	ko	ships	near	"템포"
strings	ko	ships	near	"템포 목록"
strings	ko	ships	near	"템포 목록 보기"
strings	ko	ships	near	"트랙"
strings	ko	ships	near	"트랙 녹음 활성화 토글"
strings	ko	ships	near	"트랙 삭제"
strings	ko	ships	near	"트랙 이름"
strings	ko	ships	near	"트랙 이름 변경"
strings	ko	ships	near	"트랙당 하나의 파일"
strings	ko	ships	near	"트랙을 다음으로 정렬"
strings	ko	ships	near	"틱"
strings	ko	ships	near	"파일"
strings	ko	ships	near	"패닝"
strings	ko	ships	near	"패키지"
strings	ko	ships	near	"페이더"
strings	ko	ships	near	"편집"
strings	ko	ships	near	"편집기"
strings	ko	ships	near	"폴더"
strings	ko	ships	near	"표시 모드"
strings	ko	absent	near	"프로젝트 또는 섹션..."
strings	ko	ships	near	"프로젝트 또는 섹션…"
strings	ko	ships	near	"프로젝트 선택"
strings	ko	ships	near	"프리셋"
strings	ko	ships	near	"항목 수"
strings	ko	ships	near	"확대"
strings	ko	ships	near	"확인"
strings	ko	ships	near	"활성화"
strings	pt	ships	near	"A região começa em %@ e termina em %@"
strings	pt	ships	near	"Adicionar"
strings	pt	ships	near	"Ajustes…"
strings	pt	ships	near	"Andamento"
strings	pt	ships	near	"Apagar Pista"
strings	pt	ships	near	"Aprender por Etiqueta da Tecla"
strings	pt	ships	near	"Arquivo"
strings	pt	ships	near	"Arquivo de MIDI…"
strings	pt	ships	near	"Audio Units"
strings	pt	absent	near	"Audio Units :"
strings	pt	ships	near	"Audio Units:"
strings	pt	ships	near	"Barra de Controle"
strings	pt	ships	near	"Barra de controles"
strings	pt	ships	near	"Batida"
strings	pt	ships	near	"Biblioteca"
strings	pt	ships	near	"Caminho da região"
strings	pt	ships	near	"Canais de MIDI"
strings	pt	ships	near	"Canal"
strings	pt	ships	near	"Canal de Saída"
strings	pt	ships	near	"Canal de Áudio"
strings	pt	ships	near	"Cancelar"
strings	pt	ships	near	"Configuração de Superfície de Controle"
strings	pt	ships	near	"Configuração…"
strings	pt	ships	near	"Contagem preparatória"
strings	pt	ships	near	"Criar"
strings	pt	ships	near	"Criar Marcador"
strings	pt	ships	near	"Data de Criação"
strings	pt	ships	near	"Definir Localizadores"
strings	pt	ships	near	"Delete"
strings	pt	ships	near	"Duração"
strings	pt	ships	near	"Duração/Informações"
strings	pt	ships	near	"E"
strings	pt	ships	near	"Editar"
strings	pt	ships	near	"Editar Marcador"
strings	pt	ships	near	"Editor"
strings	pt	ships	near	"End"
strings	pt	ships	near	"Escolha um projeto"
strings	pt	ships	near	"Escolher"
strings	pt	ships	near	"Estado"
strings	pt	ships	near	"Estéreo"
strings	pt	ships	near	"Evento"
strings	pt	ships	near	"Exportar"
strings	pt	ships	near	"Fim"
strings	pt	ships	near	"G"
strings	pt	ships	near	"Importar"
strings	pt	ships	near	"Iniciar"
strings	pt	ships	near	"Inspetor"
strings	pt	ships	near	"Instalar"
strings	pt	ships	near	"Instalar…"
strings	pt	ships	near	"Instalação"
strings	pt	ships	near	"Ir para"
strings	pt	ships	near	"Ir para a posição"
strings	pt	ships	near	"Janela"
strings	pt	ships	near	"Lista de Andamentos"
strings	pt	ships	near	"Logic Pro"
strings	pt	ships	near	"M"
strings	pt	ships	near	"Marcador"
strings	pt	ships	near	"Menu"
strings	pt	ships	near	"Metrônomo"
strings	pt	ships	near	"Mixer"
strings	pt	ships	near	"Modelo"
strings	pt	ships	near	"Modo de visualização"
strings	pt	ships	near	"Mono"
strings	pt	ships	near	"Mono->Estéreo"
strings	pt	ships	near	"Mostrar Lista de Andamentos"
strings	pt	ships	near	"Mover"
strings	pt	ships	near	"Mute"
strings	pt	ships	near	"Navegar"
strings	pt	ships	near	"Nome"
strings	pt	ships	near	"Nome da Pista"
strings	pt	ships	near	"Nomes dos Instrumentos"
strings	pt	ships	near	"Normalizar"
strings	pt	ships	near	"Nova Pista"
strings	pt	ships	near	"Nova Pista de IS de Session Player…"
strings	pt	ships	near	"Nova Pista de Instrumento de Software"
strings	pt	ships	near	"Nova Pista de MIDI Externa"
strings	pt	ships	near	"Nova Pista de Áudio"
strings	pt	ships	near	"Novo"
strings	pt	ships	near	"Não"
strings	pt	ships	near	"Núm"
strings	pt	ships	near	"Núm."
strings	pt	ships	near	"Número de Itens"
strings	pt	ships	near	"OK"
strings	pt	ships	near	"Off-line"
strings	pt	absent	near	"Offline"
strings	pt	ships	near	"Pacote"
strings	pt	ships	near	"Para o Cursor de Reprodução"
strings	pt	ships	near	"Pasta"
strings	pt	ships	near	"Pis"
strings	pt	ships	near	"Pista"
strings	pt	ships	near	"Pistas"
strings	pt	ships	near	"Porta de entrada"
strings	pt	ships	near	"Porta de saída"
strings	pt	ships	near	"Posição"
strings	pt	ships	near	"Posição do Cursor de Reprodução"
strings	pt	ships	near	"Posição e Duração do Evento como Tempo"
strings	pt	ships	near	"Posição…"
strings	pt	ships	near	"Projeto Vazio"
strings	pt	ships	near	"Read"
strings	pt	ships	near	"Região"
strings	pt	ships	near	"Renderizar"
strings	pt	ships	near	"Renomear Pista"
strings	pt	ships	near	"Repetição"
strings	pt	ships	near	"Ritmo"
strings	pt	ships	near	"S"
strings	pt	ships	near	"Salvar"
strings	pt	ships	near	"Salvar como…"
strings	pt	ships	near	"Silenciar"
strings	pt	ships	near	"Solo"
strings	pt	ships	near	"Superfícies de Controle"
strings	pt	ships	near	"Teclado de Entrada de Passos"
strings	pt	ships	near	"Tempo"
strings	pt	ships	near	"Tempo Real"
strings	pt	ships	near	"Todas as Janelas de Plug‑ins"
strings	pt	ships	near	"Todas as Pistas como Arquivos de Áudio…"
strings	pt	ships	near	"UTILITÁRIO"
strings	pt	ships	near	"Um Arquivo por Pista"
strings	pt	ships	near	"Usadas, Não Usadas"
strings	pt	ships	near	"Val"
strings	pt	absent	near	"Val."
strings	pt	ships	near	"Visualizar"
strings	pt	ships	near	"Window"
strings	pt	ships	near	"abrir"
strings	pt	ships	near	"automação"
strings	pt	ships	near	"batidas"
strings	pt	ships	near	"bpm"
strings	pt	ships	near	"bus"
strings	pt	ships	near	"bypass"
strings	pt	ships	near	"compasso"
strings	pt	ships	near	"divisão"
strings	pt	ships	near	"fader"
strings	pt	ships	near	"gravar"
strings	pt	ships	near	"lista"
strings	pt	ships	near	"loop"
strings	pt	ships	near	"master"
strings	pt	ships	near	"mixer"
strings	pt	ships	near	"mute"
strings	pt	ships	near	"off"
strings	pt	ships	near	"output"
strings	pt	ships	near	"pan"
strings	pt	ships	near	"reproduzir"
strings	pt	ships	near	"solo"
strings	pt	ships	near	"tick"
strings	pt	ships	near	"volume"
strings	pt	ships	near	"Áudio"
strings	zh_CN	absent	near	"- 标记列表"
strings	zh_CN	ships	near	"Add"
strings	zh_CN	ships	near	"Delete"
strings	zh_CN	ships	near	"E"
strings	zh_CN	ships	near	"End"
strings	zh_CN	ships	near	"G"
strings	zh_CN	ships	near	"Logic Pro"
strings	zh_CN	ships	near	"M"
strings	zh_CN	ships	near	"MIDI 文件…"
strings	zh_CN	ships	near	"MIDI 通道"
strings	zh_CN	ships	near	"Read"
strings	zh_CN	ships	near	"S"
strings	zh_CN	ships	near	"Window"
strings	zh_CN	ships	near	"bpm"
strings	zh_CN	ships	near	"个等份"
strings	zh_CN	ships	near	"个节拍"
strings	zh_CN	ships	near	"乐器名称"
strings	zh_CN	ships	near	"事件"
strings	zh_CN	ships	near	"位置"
strings	zh_CN	ships	near	"位置…"
strings	zh_CN	ships	near	"保存"
strings	zh_CN	ships	near	"保存为…"
strings	zh_CN	ships	near	"值"
strings	zh_CN	ships	near	"列表"
strings	zh_CN	ships	near	"创建"
strings	zh_CN	ships	near	"创建日期"
strings	zh_CN	ships	near	"创建标记"
strings	zh_CN	ships	near	"删除轨道"
strings	zh_CN	ships	near	"到播放头"
strings	zh_CN	ships	near	"前往"
strings	zh_CN	ships	near	"前往位置"
strings	zh_CN	ships	near	"包"
strings	zh_CN	ships	near	"单元格"
strings	zh_CN	ships	near	"单声道"
strings	zh_CN	ships	near	"单声道->立体声"
strings	zh_CN	ships	near	"双单声道"
strings	zh_CN	ships	near	"取消"
strings	zh_CN	ships	near	"名称"
strings	zh_CN	ships	near	"否"
strings	zh_CN	ships	near	"型号"
strings	zh_CN	ships	near	"好"
strings	zh_CN	ships	near	"安装"
strings	zh_CN	ships	near	"安装…"
strings	zh_CN	ships	near	"实时"
strings	zh_CN	ships	near	"实用工具"
strings	zh_CN	ships	near	"导入"
strings	zh_CN	ships	near	"导出"
strings	zh_CN	ships	near	"小节"
strings	zh_CN	ships	near	"左"
strings	zh_CN	ships	near	"已使用, 未使用"
strings	zh_CN	ships	near	"并轨"
strings	zh_CN	ships	near	"开关轨道录音启用"
strings	zh_CN	ships	near	"开始"
strings	zh_CN	ships	near	"录音"
strings	zh_CN	ships	near	"循环"
strings	zh_CN	ships	near	"总线"
strings	zh_CN	ships	near	"所有插件窗口"
strings	zh_CN	ships	near	"所有轨道为音频文件…"
strings	zh_CN	ships	near	"打开"
strings	zh_CN	ships	near	"打开标记列表"
strings	zh_CN	ships	near	"控制条"
strings	zh_CN	ships	near	"控制表面"
strings	zh_CN	ships	near	"控制表面设置"
strings	zh_CN	ships	near	"播放"
strings	zh_CN	ships	near	"播放头位置"
strings	zh_CN	ships	near	"文件"
strings	zh_CN	ships	near	"文件夹"
strings	zh_CN	ships	near	"新外部 MIDI 轨道"
strings	zh_CN	ships	near	"新建"
strings	zh_CN	ships	near	"新建伴奏乐手 SI 轨道…"
strings	zh_CN	ships	near	"新建软件乐器轨道"
strings	zh_CN	ships	near	"新轨道"
strings	zh_CN	ships	near	"新音频轨道"
strings	zh_CN	ships	near	"旁通"
strings	zh_CN	ships	near	"显示"
strings	zh_CN	ships	near	"显示模式"
strings	zh_CN	ships	near	"显示速度列表"
strings	zh_CN	ships	near	"标记"
strings	zh_CN	ships	near	"检查器"
strings	zh_CN	ships	near	"模式"
strings	zh_CN	ships	near	"正常化"
strings	zh_CN	ships	near	"每个轨道一个文件"
strings	zh_CN	ships	near	"浏览"
strings	zh_CN	ships	near	"混音器"
strings	zh_CN	ships	near	"添加"
strings	zh_CN	ships	near	"片段"
strings	zh_CN	ships	near	"片段开始于 %@，结束于 %@"
strings	zh_CN	ships	near	"片段路径"
strings	zh_CN	ships	near	"状态"
strings	zh_CN	ships	near	"独奏"
strings	zh_CN	ships	near	"用时间表示的事件位置和长度"
strings	zh_CN	ships	near	"离线"
strings	zh_CN	ships	near	"移动"
strings	zh_CN	ships	near	"空项目"
strings	zh_CN	ships	near	"窗口"
strings	zh_CN	ships	near	"立体声"
strings	zh_CN	ships	near	"结束"
strings	zh_CN	ships	near	"给轨道重新命名"
strings	zh_CN	ships	near	"编号"
strings	zh_CN	ships	near	"编辑"
strings	zh_CN	ships	near	"编辑器"
strings	zh_CN	ships	near	"编辑标记"
strings	zh_CN	ships	near	"自动化"
strings	zh_CN	ships	near	"节拍"
strings	zh_CN	ships	near	"节拍器"
strings	zh_CN	ships	near	"菜单"
strings	zh_CN	ships	near	"设定定位符"
strings	zh_CN	ships	near	"设置…"
strings	zh_CN	ships	near	"资源库"
strings	zh_CN	ships	near	"轨道"
strings	zh_CN	ships	near	"轨道名称"
strings	zh_CN	ships	near	"轨道排序方式"
strings	zh_CN	ships	near	"输入端口"
strings	zh_CN	ships	near	"输出端口"
strings	zh_CN	ships	near	"输出通道"
strings	zh_CN	ships	near	"选取"
strings	zh_CN	ships	near	"选取项目"
strings	zh_CN	ships	near	"逐个输入键盘"
strings	zh_CN	ships	near	"通过按键标签来学习"
strings	zh_CN	ships	near	"通道"
strings	zh_CN	ships	near	"速度"
strings	zh_CN	ships	near	"速度列表"
strings	zh_CN	ships	near	"锁定"
strings	zh_CN	ships	near	"键盘命令"
strings	zh_CN	ships	near	"长度"
strings	zh_CN	ships	near	"长度/简介"
strings	zh_CN	ships	near	"静音"
strings	zh_CN	ships	near	"音频"
strings	zh_CN	ships	near	"音频单元"
strings	zh_CN	ships	near	"音频单元:"
strings	zh_CN	ships	near	"音频通道"
strings	zh_CN	ships	near	"项目数"
strings	zh_CN	ships	near	"预备"
strings	zh_TW	absent	near	"- 標記列表"
strings	zh_TW	ships	near	"E"
strings	zh_TW	ships	near	"G"
strings	zh_TW	ships	near	"Logic Pro"
strings	zh_TW	ships	near	"M"
strings	zh_TW	ships	near	"MIDI 檔案⋯"
strings	zh_TW	ships	near	"MIDI 聲道"
strings	zh_TW	ships	near	"Read"
strings	zh_TW	ships	near	"S"
strings	zh_TW	ships	near	"Window"
strings	zh_TW	ships	near	"bpm"
strings	zh_TW	ships	near	"事件"
strings	zh_TW	ships	near	"以時間顯示事件位置和長度"
strings	zh_TW	ships	near	"位置"
strings	zh_TW	absent	near	"位置…"
strings	zh_TW	ships	near	"位置⋯"
strings	zh_TW	ships	near	"併軌"
strings	zh_TW	ships	near	"依照按鍵標籤學習"
strings	zh_TW	ships	near	"值"
strings	zh_TW	ships	near	"儲存"
strings	zh_TW	ships	near	"儲存為⋯"
strings	zh_TW	ships	near	"列表"
strings	zh_TW	ships	near	"刪除"
strings	zh_TW	ships	near	"刪除音軌"
strings	zh_TW	ships	near	"前往"
strings	zh_TW	ships	near	"前往位置"
strings	zh_TW	ships	near	"剪輯標記"
strings	zh_TW	ships	near	"加入"
strings	zh_TW	ships	near	"匯流排"
strings	zh_TW	ships	near	"區段"
strings	zh_TW	ships	near	"區段起始於 %@，並結束於 %@"
strings	zh_TW	ships	near	"區段路徑"
strings	zh_TW	ships	near	"即時"
strings	zh_TW	ships	near	"取消"
strings	zh_TW	ships	near	"名稱"
strings	zh_TW	ships	near	"否"
strings	zh_TW	ships	near	"單聲道"
strings	zh_TW	ships	near	"單聲道->立體聲"
strings	zh_TW	ships	near	"套件"
strings	zh_TW	ships	near	"好"
strings	zh_TW	ships	near	"安裝"
strings	zh_TW	ships	near	"安裝⋯"
strings	zh_TW	ships	near	"實用"
strings	zh_TW	ships	near	"導覽"
strings	zh_TW	ships	near	"小節"
strings	zh_TW	ships	near	"左"
strings	zh_TW	ships	near	"已使用、未使用"
strings	zh_TW	ships	near	"循步輸入鍵盤"
strings	zh_TW	ships	near	"循環"
strings	zh_TW	ships	near	"所有外掛模組視窗"
strings	zh_TW	ships	near	"所有音軌為音訊檔案⋯"
strings	zh_TW	ships	near	"打開"
strings	zh_TW	ships	near	"打開標記列表"
strings	zh_TW	ships	near	"拍速"
strings	zh_TW	ships	near	"按以下方式排列音軌"
strings	zh_TW	ships	near	"按鍵指令"
strings	zh_TW	ships	near	"控制列"
strings	zh_TW	ships	near	"控制表面"
strings	zh_TW	ships	near	"控制表面設定"
strings	zh_TW	ships	near	"播放"
strings	zh_TW	ships	near	"播放磁頭位置"
strings	zh_TW	ships	near	"數量"
strings	zh_TW	ships	near	"新增"
strings	zh_TW	ships	near	"新增 Session Player SI 音軌⋯"
strings	zh_TW	ships	near	"新增外部 MIDI 音軌"
strings	zh_TW	ships	near	"新增軟體樂器音軌"
strings	zh_TW	ships	near	"新增音訊音軌"
strings	zh_TW	ships	near	"新增音軌"
strings	zh_TW	ships	near	"樂器名稱"
strings	zh_TW	ships	near	"標準化"
strings	zh_TW	ships	near	"標記"
strings	zh_TW	ships	near	"模型"
strings	zh_TW	ships	near	"模式"
strings	zh_TW	ships	near	"檔案"
strings	zh_TW	ships	near	"檔案夾"
strings	zh_TW	ships	near	"檢閱器"
strings	zh_TW	ships	near	"每個音軌一個檔案"
strings	zh_TW	ships	near	"混音器"
strings	zh_TW	ships	near	"片段"
strings	zh_TW	ships	near	"狀態"
strings	zh_TW	ships	near	"獨奏"
strings	zh_TW	ships	near	"略過"
strings	zh_TW	ships	near	"移動"
strings	zh_TW	ships	near	"空白計畫案"
strings	zh_TW	ships	near	"立體聲"
strings	zh_TW	ships	near	"節拍"
strings	zh_TW	ships	near	"節拍器"
strings	zh_TW	ships	near	"細分"
strings	zh_TW	ships	near	"結束"
strings	zh_TW	ships	near	"編輯"
strings	zh_TW	ships	near	"編輯器"
strings	zh_TW	ships	near	"聲道"
strings	zh_TW	ships	near	"自動混音"
strings	zh_TW	ships	near	"至播放磁頭"
strings	zh_TW	ships	near	"製作"
strings	zh_TW	ships	near	"製作日期"
strings	zh_TW	ships	near	"製作標記"
strings	zh_TW	ships	near	"視窗"
strings	zh_TW	absent	near	"設定…"
strings	zh_TW	ships	near	"設定⋯"
strings	zh_TW	ships	near	"設定定位點"
strings	zh_TW	ships	near	"資料庫"
strings	zh_TW	ships	near	"輸入"
strings	zh_TW	ships	near	"輸入埠"
strings	zh_TW	ships	near	"輸出"
strings	zh_TW	ships	near	"輸出埠"
strings	zh_TW	ships	near	"輸出聲道"
strings	zh_TW	ships	near	"速度"
strings	zh_TW	ships	near	"選單"
strings	zh_TW	ships	near	"選擇"
strings	zh_TW	ships	near	"選擇計畫案"
strings	zh_TW	ships	near	"重新命名音軌"
strings	zh_TW	ships	near	"錄製"
strings	zh_TW	ships	near	"長度"
strings	zh_TW	ships	near	"長度/資訊"
strings	zh_TW	ships	near	"開始"
strings	zh_TW	ships	near	"雙單聲道"
strings	zh_TW	ships	near	"離線"
strings	zh_TW	ships	near	"靜音"
strings	zh_TW	ships	near	"音訊"
strings	zh_TW	ships	near	"音訊單元"
strings	zh_TW	ships	near	"音訊單元："
strings	zh_TW	ships	near	"音軌"
strings	zh_TW	ships	near	"音軌名稱"
strings	zh_TW	ships	near	"項目數量"
strings	zh_TW	ships	near	"預備拍"
strings	zh_TW	ships	near	"顯示拍速列表"
strings	zh_TW	ships	near	"顯示方式"
strings	zh_TW	ships	near	"顯示模式"
